idx,ts_start,ts_end,ts_high,ts_low,high,low,direction,src_indices
0,2026-01-02 10:30,2026-01-02 10:30,2026-01-02 10:30,2026-01-02 10:30,5.51,5.42,up,0
1,2026-01-02 11:30,2026-01-02 11:30,2026-01-02 11:30,2026-01-02 11:30,5.54,5.49,up,1
2,2026-01-02 12:00,2026-01-02 12:00,2026-01-02 12:00,2026-01-02 12:00,5.51,5.48,down,2
3,2026-01-02 14:00,2026-01-02 14:00,2026-01-02 14:00,2026-01-02 14:00,5.52,5.49,up,3
4,2026-01-02 15:00,2026-01-02 15:00,2026-01-02 15:00,2026-01-02 15:00,5.52,5.5,down,4
5,2026-01-02 16:00,2026-01-02 16:00,2026-01-02 16:00,2026-01-02 16:00,5.51,5.4,down,5
6,2026-01-05 10:30,2026-01-05 15:00,2026-01-05 10:30,2026-01-05 10:30,5.5,5.4,,"6,7,8,9,10"
7,2026-01-05 16:00,2026-01-06 11:30,2026-01-05 16:00,2026-01-05 16:00,5.5,5.4,,"11,12,13"
8,2026-01-06 12:00,2026-01-06 12:00,2026-01-06 12:00,2026-01-06 12:00,5.5,5.48,,14
9,2026-01-06 14:00,2026-01-06 14:00,2026-01-06 14:00,2026-01-06 14:00,5.52,5.48,,15
10,2026-01-06 15:00,2026-01-06 16:00,2026-01-06 16:00,2026-01-06 16:00,5.51,5.45,,"16,17"
11,2026-01-07 10:30,2026-01-07 10:30,2026-01-07 10:30,2026-01-07 10:30,5.51,5.39,down,18
12,2026-01-07 11:30,2026-01-07 11:30,2026-01-07 11:30,2026-01-07 11:30,5.42,5.38,down,19
13,2026-01-07 12:00,2026-01-07 12:00,2026-01-07 12:00,2026-01-07 12:00,5.41,5.38,,20
14,2026-01-07 14:00,2026-01-07 14:00,2026-01-07 14:00,2026-01-07 14:00,5.41,5.38,down,21
15,2026-01-07 15:00,2026-01-07 15:00,2026-01-07 15:00,2026-01-07 15:00,5.4,5.37,down,22
16,2026-01-07 16:00,2026-01-08 10:30,2026-01-07 16:00,2026-01-08 10:30,5.42,5.35,down,"23,24"
17,2026-01-08 11:30,2026-01-08 11:30,2026-01-08 11:30,2026-01-08 11:30,5.36,5.33,down,25
18,2026-01-08 12:00,2026-01-08 12:00,2026-01-08 12:00,2026-01-08 12:00,5.35,5.33,,26
19,2026-01-08 14:00,2026-01-08 14:00,2026-01-08 14:00,2026-01-08 14:00,5.35,5.31,down,27
20,2026-01-08 15:00,2026-01-08 15:00,2026-01-08 15:00,2026-01-08 15:00,5.34,5.3,down,28
21,2026-01-08 16:00,2026-01-09 10:30,2026-01-09 10:30,2026-01-08 16:00,5.4,5.31,up,"29,30"
22,2026-01-09 11:30,2026-01-09 11:30,2026-01-09 11:30,2026-01-09 11:30,5.41,5.36,up,31
23,2026-01-09 12:00,2026-01-09 12:00,2026-01-09 12:00,2026-01-09 12:00,5.38,5.36,,32
24,2026-01-09 14:00,2026-01-09 15:00,2026-01-09 15:00,2026-01-09 14:00,5.36,5.32,down,"33,34"
25,2026-01-09 16:00,2026-01-09 16:00,2026-01-09 16:00,2026-01-09 16:00,5.35,5.3,down,35
26,2026-01-12 10:30,2026-01-12 10:30,2026-01-12 10:30,2026-01-12 10:30,5.37,5.31,up,36
27,2026-01-12 11:30,2026-01-12 12:00,2026-01-12 12:00,2026-01-12 12:00,5.34,5.3,,"37,38"
28,2026-01-12 14:00,2026-01-12 14:00,2026-01-12 14:00,2026-01-12 14:00,5.34,5.3,down,39
29,2026-01-12 15:00,2026-01-12 15:00,2026-01-12 15:00,2026-01-12 15:00,5.32,5.29,down,40
30,2026-01-12 16:00,2026-01-12 16:00,2026-01-12 16:00,2026-01-12 16:00,5.35,5.3,up,41
31,2026-01-13 10:30,2026-01-13 11:30,2026-01-13 10:30,2026-01-13 11:30,5.38,5.33,up,"42,43"
32,2026-01-13 12:00,2026-01-13 14:00,2026-01-13 14:00,2026-01-13 14:00,5.35,5.31,,"44,45"
33,2026-01-13 15:00,2026-01-13 16:00,2026-01-13 16:00,2026-01-13 15:00,5.36,5.31,up,"46,47"
34,2026-01-14 10:30,2026-01-14 12:00,2026-01-14 12:00,2026-01-14 10:30,5.34,5.31,down,"48,49,50"
35,2026-01-14 14:00,2026-01-14 14:00,2026-01-14 14:00,2026-01-14 14:00,5.34,5.3,,51
36,2026-01-14 15:00,2026-01-14 15:00,2026-01-14 15:00,2026-01-14 15:00,5.33,5.3,,52
37,2026-01-14 16:00,2026-01-14 16:00,2026-01-14 16:00,2026-01-14 16:00,5.32,5.3,,53
38,2026-01-15 10:30,2026-01-15 10:30,2026-01-15 10:30,2026-01-15 10:30,5.36,5.3,down,54
39,2026-01-15 11:30,2026-01-15 11:30,2026-01-15 11:30,2026-01-15 11:30,5.32,5.27,down,55
40,2026-01-15 12:00,2026-01-15 12:00,2026-01-15 12:00,2026-01-15 12:00,5.29,5.27,down,56
41,2026-01-15 14:00,2026-01-15 14:00,2026-01-15 14:00,2026-01-15 14:00,5.28,5.25,down,57
42,2026-01-15 15:00,2026-01-15 15:00,2026-01-15 15:00,2026-01-15 15:00,5.27,5.24,down,58
43,2026-01-15 16:00,2026-01-15 16:00,2026-01-15 16:00,2026-01-15 16:00,5.3,5.25,up,59
44,2026-01-16 10:30,2026-01-16 10:30,2026-01-16 10:30,2026-01-16 10:30,5.32,5.26,up,60
45,2026-01-16 11:30,2026-01-16 11:30,2026-01-16 11:30,2026-01-16 11:30,5.27,5.18,down,61
46,2026-01-16 12:00,2026-01-16 12:00,2026-01-16 12:00,2026-01-16 12:00,5.2,5.18,,62
47,2026-01-16 14:00,2026-01-16 14:00,2026-01-16 14:00,2026-01-16 14:00,5.21,5.18,down,63
48,2026-01-16 15:00,2026-01-16 15:00,2026-01-16 15:00,2026-01-16 15:00,5.19,5.16,down,64
49,2026-01-16 16:00,2026-01-16 16:00,2026-01-16 16:00,2026-01-16 16:00,5.21,5.16,down,65
50,2026-01-19 10:30,2026-01-19 12:00,2026-01-19 12:00,2026-01-19 10:30,5.16,5.12,down,"66,67,68"
51,2026-01-19 14:00,2026-01-19 14:00,2026-01-19 14:00,2026-01-19 14:00,5.17,5.13,up,69
52,2026-01-19 15:00,2026-01-19 15:00,2026-01-19 15:00,2026-01-19 15:00,5.14,5.12,down,70
53,2026-01-19 16:00,2026-01-19 16:00,2026-01-19 16:00,2026-01-19 16:00,5.14,5.11,up,71
54,2026-01-20 10:30,2026-01-20 10:30,2026-01-20 10:30,2026-01-20 10:30,5.19,5.12,up,72
55,2026-01-20 11:30,2026-01-20 11:30,2026-01-20 11:30,2026-01-20 11:30,5.19,5.17,,73
56,2026-01-20 12:00,2026-01-20 12:00,2026-01-20 12:00,2026-01-20 12:00,5.2,5.17,up,74
57,2026-01-20 14:00,2026-01-20 14:00,2026-01-20 14:00,2026-01-20 14:00,5.21,5.18,up,75
58,2026-01-20 15:00,2026-01-20 15:00,2026-01-20 15:00,2026-01-20 15:00,5.21,5.18,,76
59,2026-01-20 16:00,2026-01-21 10:30,2026-01-20 16:00,2026-01-21 10:30,5.21,5.16,down,"77,78"
60,2026-01-21 11:30,2026-01-21 11:30,2026-01-21 11:30,2026-01-21 11:30,5.2,5.15,down,79
61,2026-01-21 12:00,2026-01-21 12:00,2026-01-21 12:00,2026-01-21 12:00,5.17,5.15,down,80
62,2026-01-21 14:00,2026-01-21 14:00,2026-01-21 14:00,2026-01-21 14:00,5.16,5.11,down,81
63,2026-01-21 15:00,2026-01-21 15:00,2026-01-21 15:00,2026-01-21 15:00,5.12,5.06,down,82
64,2026-01-21 16:00,2026-01-22 12:00,2026-01-21 16:00,2026-01-22 12:00,5.18,5.14,up,"83,84,85,86"
65,2026-01-22 14:00,2026-01-22 14:00,2026-01-22 14:00,2026-01-22 14:00,5.17,5.14,up,87
66,2026-01-22 15:00,2026-01-22 15:00,2026-01-22 15:00,2026-01-22 15:00,5.18,5.15,up,88
67,2026-01-22 16:00,2026-01-22 16:00,2026-01-22 16:00,2026-01-22 16:00,5.19,5.15,up,89
68,2026-01-23 10:30,2026-01-23 10:30,2026-01-23 10:30,2026-01-23 10:30,5.25,5.19,up,90
69,2026-01-23 11:30,2026-01-23 11:30,2026-01-23 11:30,2026-01-23 11:30,5.26,5.23,up,91
70,2026-01-23 12:00,2026-01-23 12:00,2026-01-23 12:00,2026-01-23 12:00,5.25,5.22,down,92
71,2026-01-23 14:00,2026-01-23 14:00,2026-01-23 14:00,2026-01-23 14:00,5.25,5.22,up,93
72,2026-01-23 15:00,2026-01-23 15:00,2026-01-23 15:00,2026-01-23 15:00,5.27,5.24,up,94
73,2026-01-23 16:00,2026-01-26 16:00,2026-01-26 10:30,2026-01-26 10:30,5.28,5.13,,"95,96,97,98,99,100,101"
74,2026-01-27 10:30,2026-01-27 14:00,2026-01-27 10:30,2026-01-27 10:30,5.2,5.13,,"102,103,104,105"
75,2026-01-27 15:00,2026-01-27 15:00,2026-01-27 15:00,2026-01-27 15:00,5.19,5.13,down,106
76,2026-01-27 16:00,2026-01-27 16:00,2026-01-27 16:00,2026-01-27 16:00,5.17,5.09,down,107
77,2026-01-28 10:30,2026-01-28 10:30,2026-01-28 10:30,2026-01-28 10:30,5.25,5.12,up,108
78,2026-01-28 11:30,2026-01-28 11:30,2026-01-28 11:30,2026-01-28 11:30,5.37,5.24,up,109
79,2026-01-28 12:00,2026-01-28 12:00,2026-01-28 12:00,2026-01-28 12:00,5.38,5.34,up,110
80,2026-01-28 14:00,2026-01-28 14:00,2026-01-28 14:00,2026-01-28 14:00,5.41,5.37,up,111
81,2026-01-28 15:00,2026-01-28 15:00,2026-01-28 15:00,2026-01-28 15:00,5.47,5.39,up,112
82,2026-01-28 16:00,2026-01-28 16:00,2026-01-28 16:00,2026-01-28 16:00,5.46,5.38,down,113
83,2026-01-29 10:30,2026-01-29 11:30,2026-01-29 11:30,2026-01-29 10:30,5.4,5.35,down,"114,115"
84,2026-01-29 12:00,2026-01-29 14:00,2026-01-29 14:00,2026-01-29 12:00,5.41,5.38,up,"116,117"
85,2026-01-29 15:00,2026-01-29 16:00,2026-01-29 16:00,2026-01-29 15:00,5.46,5.39,up,"118,119"
86,2026-01-30 10:30,2026-01-30 10:30,2026-01-30 10:30,2026-01-30 10:30,5.44,5.33,down,120
87,2026-01-30 11:30,2026-01-30 11:30,2026-01-30 11:30,2026-01-30 11:30,5.38,5.32,down,121
88,2026-01-30 12:00,2026-01-30 12:00,2026-01-30 12:00,2026-01-30 12:00,5.38,5.36,,122
89,2026-01-30 14:00,2026-01-30 14:00,2026-01-30 14:00,2026-01-30 14:00,5.39,5.36,,123
90,2026-01-30 15:00,2026-01-30 16:00,2026-01-30 15:00,2026-01-30 16:00,5.39,5.36,down,"124,125"
91,2026-02-02 10:30,2026-02-02 12:00,2026-02-02 12:00,2026-02-02 10:30,4.99,4.89,down,"126,127,128"
92,2026-02-02 14:00,2026-02-02 14:00,2026-02-02 14:00,2026-02-02 14:00,5.06,4.97,up,129
93,2026-02-02 15:00,2026-02-02 15:00,2026-02-02 15:00,2026-02-02 15:00,5.11,5.02,up,130
94,2026-02-02 16:00,2026-02-03 10:30,2026-02-03 10:30,2026-02-02 16:00,5.18,5.04,up,"131,132"
95,2026-02-03 11:30,2026-02-03 11:30,2026-02-03 11:30,2026-02-03 11:30,5.02,4.98,down,133
96,2026-02-03 12:00,2026-02-03 12:00,2026-02-03 12:00,2026-02-03 12:00,5.03,5.01,up,134
97,2026-02-03 14:00,2026-02-03 14:00,2026-02-03 14:00,2026-02-03 14:00,5.03,4.97,down,135
98,2026-02-03 15:00,2026-02-03 15:00,2026-02-03 15:00,2026-02-03 15:00,5.01,4.96,down,136
99,2026-02-03 16:00,2026-02-04 10:30,2026-02-04 10:30,2026-02-03 16:00,5.04,4.98,up,"137,138"
100,2026-02-04 11:30,2026-02-04 12:00,2026-02-04 12:00,2026-02-04 11:30,5.0,4.96,down,"139,140"
101,2026-02-04 14:00,2026-02-04 14:00,2026-02-04 14:00,2026-02-04 14:00,5.01,4.98,up,141
102,2026-02-04 15:00,2026-02-04 15:00,2026-02-04 15:00,2026-02-04 15:00,5.05,4.99,up,142
103,2026-02-04 16:00,2026-02-04 16:00,2026-02-04 16:00,2026-02-04 16:00,5.06,5.01,up,143
104,2026-02-05 10:30,2026-02-05 10:30,2026-02-05 10:30,2026-02-05 10:30,5.06,4.99,down,144
105,2026-02-05 11:30,2026-02-05 11:30,2026-02-05 11:30,2026-02-05 11:30,5.02,4.98,down,145
106,2026-02-05 12:00,2026-02-05 14:00,2026-02-05 14:00,2026-02-05 12:00,5.04,5.0,up,"146,147"
107,2026-02-05 15:00,2026-02-05 15:00,2026-02-05 15:00,2026-02-05 15:00,5.1,5.02,up,148
108,2026-02-05 16:00,2026-02-05 16:00,2026-02-05 16:00,2026-02-05 16:00,5.11,5.06,up,149
109,2026-02-06 10:30,2026-02-06 10:30,2026-02-06 10:30,2026-02-06 10:30,5.09,5.03,down,150
110,2026-02-06 11:30,2026-02-06 11:30,2026-02-06 11:30,2026-02-06 11:30,5.07,5.02,down,151
111,2026-02-06 12:00,2026-02-06 12:00,2026-02-06 12:00,2026-02-06 12:00,5.05,5.02,,152
112,2026-02-06 14:00,2026-02-06 16:00,2026-02-06 16:00,2026-02-06 16:00,5.08,5.0,,"153,154,155"
113,2026-02-09 10:30,2026-02-09 10:30,2026-02-09 10:30,2026-02-09 10:30,5.08,4.99,down,156
114,2026-02-09 11:30,2026-02-09 11:30,2026-02-09 11:30,2026-02-09 11:30,5.02,4.96,down,157
115,2026-02-09 12:00,2026-02-09 12:00,2026-02-09 12:00,2026-02-09 12:00,4.97,4.95,down,158
116,2026-02-09 14:00,2026-02-09 14:00,2026-02-09 14:00,2026-02-09 14:00,4.98,4.95,down,159
117,2026-02-09 15:00,2026-02-09 15:00,2026-02-09 15:00,2026-02-09 15:00,4.97,4.94,down,160
118,2026-02-09 16:00,2026-02-10 10:30,2026-02-10 10:30,2026-02-09 16:00,4.95,4.91,down,"161,162"
119,2026-02-10 11:30,2026-02-10 11:30,2026-02-10 11:30,2026-02-10 11:30,4.94,4.91,,163
120,2026-02-10 12:00,2026-02-10 12:00,2026-02-10 12:00,2026-02-10 12:00,4.94,4.91,,164
121,2026-02-10 14:00,2026-02-10 14:00,2026-02-10 14:00,2026-02-10 14:00,4.94,4.91,down,165
122,2026-02-10 15:00,2026-02-10 15:00,2026-02-10 15:00,2026-02-10 15:00,4.92,4.9,down,166
123,2026-02-10 16:00,2026-02-10 16:00,2026-02-10 16:00,2026-02-10 16:00,4.91,4.87,down,167
124,2026-02-11 10:30,2026-02-11 10:30,2026-02-11 10:30,2026-02-11 10:30,4.91,4.88,up,168
125,2026-02-11 11:30,2026-02-11 11:30,2026-02-11 11:30,2026-02-11 11:30,4.92,4.89,up,169
126,2026-02-11 12:00,2026-02-11 12:00,2026-02-11 12:00,2026-02-11 12:00,4.91,4.89,,170
127,2026-02-11 14:00,2026-02-11 14:00,2026-02-11 14:00,2026-02-11 14:00,4.91,4.89,,171
128,2026-02-11 15:00,2026-02-11 15:00,2026-02-11 15:00,2026-02-11 15:00,4.91,4.89,,172
129,2026-02-11 16:00,2026-02-11 16:00,2026-02-11 16:00,2026-02-11 16:00,4.91,4.88,up,173
130,2026-02-12 10:30,2026-02-12 10:30,2026-02-12 10:30,2026-02-12 10:30,4.92,4.89,up,174
131,2026-02-12 11:30,2026-02-12 11:30,2026-02-12 11:30,2026-02-12 11:30,4.93,4.9,up,175
132,2026-02-12 12:00,2026-02-12 12:00,2026-02-12 12:00,2026-02-12 12:00,4.93,4.92,,176
133,2026-02-12 14:00,2026-02-12 14:00,2026-02-12 14:00,2026-02-12 14:00,4.93,4.9,down,177
134,2026-02-12 15:00,2026-02-12 15:00,2026-02-12 15:00,2026-02-12 15:00,4.91,4.89,down,178
135,2026-02-12 16:00,2026-02-12 16:00,2026-02-12 16:00,2026-02-12 16:00,4.91,4.88,down,179
136,2026-02-13 10:30,2026-02-13 11:30,2026-02-13 11:30,2026-02-13 10:30,4.89,4.86,down,"180,181"
137,2026-02-13 12:00,2026-02-13 12:00,2026-02-13 12:00,2026-02-13 12:00,4.89,4.87,,182
138,2026-02-13 14:00,2026-02-13 14:00,2026-02-13 14:00,2026-02-13 14:00,4.89,4.88,,183
139,2026-02-13 15:00,2026-02-13 15:00,2026-02-13 15:00,2026-02-13 15:00,4.9,4.88,,184
140,2026-02-13 16:00,2026-02-13 16:00,2026-02-13 16:00,2026-02-13 16:00,4.9,4.88,up,185
141,2026-02-16 10:30,2026-02-16 10:30,2026-02-16 10:30,2026-02-16 10:30,4.91,4.89,up,186
142,2026-02-16 11:30,2026-02-16 11:30,2026-02-16 11:30,2026-02-16 11:30,4.92,4.9,up,187
143,2026-02-16 12:00,2026-02-16 12:00,2026-02-16 12:00,2026-02-16 12:00,4.91,4.89,down,188
144,2026-02-20 10:30,2026-02-20 15:00,2026-02-20 10:30,2026-02-20 10:30,4.94,4.89,,"189,190,191,192,193"
145,2026-02-20 16:00,2026-02-20 16:00,2026-02-20 16:00,2026-02-20 16:00,4.94,4.91,up,194
146,2026-02-23 10:30,2026-02-23 10:30,2026-02-23 10:30,2026-02-23 10:30,4.98,4.93,up,195
147,2026-02-23 11:30,2026-02-23 11:30,2026-02-23 11:30,2026-02-23 11:30,4.98,4.96,,196
148,2026-02-23 12:00,2026-02-23 12:00,2026-02-23 12:00,2026-02-23 12:00,4.98,4.96,,197
149,2026-02-23 14:00,2026-02-23 14:00,2026-02-23 14:00,2026-02-23 14:00,4.98,4.96,up,198
150,2026-02-23 15:00,2026-02-23 15:00,2026-02-23 15:00,2026-02-23 15:00,4.99,4.97,up,199
151,2026-02-23 16:00,2026-02-23 16:00,2026-02-23 16:00,2026-02-23 16:00,4.99,4.96,down,200
152,2026-02-24 10:30,2026-02-24 10:30,2026-02-24 10:30,2026-02-24 10:30,4.97,4.93,down,201
153,2026-02-24 11:30,2026-02-24 12:00,2026-02-24 11:30,2026-02-24 12:00,4.98,4.96,up,"202,203"
154,2026-02-24 14:00,2026-02-24 14:00,2026-02-24 14:00,2026-02-24 14:00,4.97,4.96,,204
155,2026-02-24 15:00,2026-02-24 16:00,2026-02-24 16:00,2026-02-24 15:00,4.98,4.96,up,"205,206"
156,2026-02-25 10:30,2026-02-25 10:30,2026-02-25 10:30,2026-02-25 10:30,5.02,4.96,,207
157,2026-02-25 11:30,2026-02-25 11:30,2026-02-25 11:30,2026-02-25 11:30,5.02,5.0,down,208
158,2026-02-25 12:00,2026-02-25 12:00,2026-02-25 12:00,2026-02-25 12:00,5.01,4.99,down,209
159,2026-02-25 14:00,2026-02-25 14:00,2026-02-25 14:00,2026-02-25 14:00,5.01,4.99,,210
160,2026-02-25 15:00,2026-02-25 15:00,2026-02-25 15:00,2026-02-25 15:00,5.01,4.99,,211
161,2026-02-25 16:00,2026-02-25 16:00,2026-02-25 16:00,2026-02-25 16:00,5.01,4.98,,212
162,2026-02-26 10:30,2026-02-26 10:30,2026-02-26 10:30,2026-02-26 10:30,5.02,4.98,,213
163,2026-02-26 11:30,2026-02-26 11:30,2026-02-26 11:30,2026-02-26 11:30,5.0,4.98,,214
164,2026-02-26 12:00,2026-02-26 12:00,2026-02-26 12:00,2026-02-26 12:00,4.99,4.98,,215
165,2026-02-26 14:00,2026-02-26 14:00,2026-02-26 14:00,2026-02-26 14:00,4.99,4.97,,216
166,2026-02-26 15:00,2026-02-26 16:00,2026-02-26 16:00,2026-02-26 16:00,4.99,4.95,,"217,218"
167,2026-02-27 10:30,2026-02-27 10:30,2026-02-27 10:30,2026-02-27 10:30,4.99,4.95,,219
168,2026-02-27 11:30,2026-02-27 11:30,2026-02-27 11:30,2026-02-27 11:30,4.97,4.95,down,220
169,2026-02-27 12:00,2026-02-27 12:00,2026-02-27 12:00,2026-02-27 12:00,4.96,4.94,down,221
170,2026-02-27 14:00,2026-02-27 14:00,2026-02-27 14:00,2026-02-27 14:00,4.97,4.94,,222
171,2026-02-27 15:00,2026-02-27 15:00,2026-02-27 15:00,2026-02-27 15:00,4.97,4.95,,223
172,2026-02-27 16:00,2026-02-27 16:00,2026-02-27 16:00,2026-02-27 16:00,4.99,4.95,down,224
173,2026-03-02 10:30,2026-03-02 10:30,2026-03-02 10:30,2026-03-02 10:30,4.98,4.9,down,225
174,2026-03-02 11:30,2026-03-02 11:30,2026-03-02 11:30,2026-03-02 11:30,4.98,4.93,,226
175,2026-03-02 12:00,2026-03-02 12:00,2026-03-02 12:00,2026-03-02 12:00,4.98,4.96,,227
176,2026-03-02 14:00,2026-03-02 14:00,2026-03-02 14:00,2026-03-02 14:00,4.98,4.96,,228
177,2026-03-02 15:00,2026-03-02 15:00,2026-03-02 15:00,2026-03-02 15:00,4.98,4.95,,229
178,2026-03-02 16:00,2026-03-02 16:00,2026-03-02 16:00,2026-03-02 16:00,4.98,4.95,up,230
179,2026-03-03 10:30,2026-03-03 10:30,2026-03-03 10:30,2026-03-03 10:30,5.0,4.96,up,231
180,2026-03-03 11:30,2026-03-03 12:00,2026-03-03 11:30,2026-03-03 12:00,5.04,5.01,up,"232,233"
181,2026-03-03 14:00,2026-03-03 14:00,2026-03-03 14:00,2026-03-03 14:00,5.02,4.99,down,234
182,2026-03-03 15:00,2026-03-03 15:00,2026-03-03 15:00,2026-03-03 15:00,5.0,4.96,down,235
183,2026-03-03 16:00,2026-03-04 10:30,2026-03-04 10:30,2026-03-04 10:30,4.99,4.92,,"236,237"
184,2026-03-04 11:30,2026-03-04 11:30,2026-03-04 11:30,2026-03-04 11:30,4.99,4.94,down,238
185,2026-03-04 12:00,2026-03-04 12:00,2026-03-04 12:00,2026-03-04 12:00,4.96,4.93,down,239
186,2026-03-04 14:00,2026-03-04 14:00,2026-03-04 14:00,2026-03-04 14:00,4.97,4.94,up,240
187,2026-03-04 15:00,2026-03-04 15:00,2026-03-04 15:00,2026-03-04 15:00,4.97,4.93,up,241
188,2026-03-04 16:00,2026-03-04 16:00,2026-03-04 16:00,2026-03-04 16:00,4.98,4.94,up,242
189,2026-03-05 10:30,2026-03-05 10:30,2026-03-05 10:30,2026-03-05 10:30,5.03,4.96,up,243
190,2026-03-05 11:30,2026-03-05 11:30,2026-03-05 11:30,2026-03-05 11:30,5.05,5.02,up,244
191,2026-03-05 12:00,2026-03-05 12:00,2026-03-05 12:00,2026-03-05 12:00,5.04,5.01,down,245
192,2026-03-05 14:00,2026-03-05 14:00,2026-03-05 14:00,2026-03-05 14:00,5.03,4.99,down,246
193,2026-03-05 15:00,2026-03-05 15:00,2026-03-05 15:00,2026-03-05 15:00,5.01,4.99,,247
194,2026-03-05 16:00,2026-03-05 16:00,2026-03-05 16:00,2026-03-05 16:00,5.01,4.96,up,248
195,2026-03-06 10:30,2026-03-06 10:30,2026-03-06 10:30,2026-03-06 10:30,5.06,4.98,up,249
196,2026-03-06 11:30,2026-03-06 11:30,2026-03-06 11:30,2026-03-06 11:30,5.09,5.05,up,250
197,2026-03-06 12:00,2026-03-06 12:00,2026-03-06 12:00,2026-03-06 12:00,5.09,5.08,,251
198,2026-03-06 14:00,2026-03-06 14:00,2026-03-06 14:00,2026-03-06 14:00,5.1,5.08,up,252
199,2026-03-06 15:00,2026-03-06 16:00,2026-03-06 16:00,2026-03-06 15:00,5.12,5.09,up,"253,254"
200,2026-03-09 10:30,2026-03-09 10:30,2026-03-09 10:30,2026-03-09 10:30,5.07,4.97,down,255
201,2026-03-09 11:30,2026-03-09 11:30,2026-03-09 11:30,2026-03-09 11:30,5.0,4.97,up,256
202,2026-03-09 12:00,2026-03-09 12:00,2026-03-09 12:00,2026-03-09 12:00,5.01,4.99,up,257
203,2026-03-09 14:00,2026-03-09 14:00,2026-03-09 14:00,2026-03-09 14:00,5.03,4.99,,258
204,2026-03-09 15:00,2026-03-09 16:00,2026-03-09 16:00,2026-03-09 15:00,5.05,4.99,up,"259,260"
205,2026-03-10 10:30,2026-03-10 10:30,2026-03-10 10:30,2026-03-10 10:30,5.07,5.03,up,261
206,2026-03-10 11:30,2026-03-10 11:30,2026-03-10 11:30,2026-03-10 11:30,5.06,5.02,down,262
207,2026-03-10 12:00,2026-03-10 12:00,2026-03-10 12:00,2026-03-10 12:00,5.06,5.04,down,263
208,2026-03-10 14:00,2026-03-10 14:00,2026-03-10 14:00,2026-03-10 14:00,5.05,5.03,down,264
209,2026-03-10 15:00,2026-03-11 15:00,2026-03-10 16:00,2026-03-10 16:00,5.07,4.99,,"265,266,267,268,269,270,271"
210,2026-03-11 16:00,2026-03-11 16:00,2026-03-11 16:00,2026-03-11 16:00,5.02,4.99,up,272
211,2026-03-12 10:30,2026-03-12 10:30,2026-03-12 10:30,2026-03-12 10:30,5.04,5.0,up,273
212,2026-03-12 11:30,2026-03-12 11:30,2026-03-12 11:30,2026-03-12 11:30,5.02,4.99,down,274
213,2026-03-12 12:00,2026-03-12 12:00,2026-03-12 12:00,2026-03-12 12:00,5.0,4.99,,275
214,2026-03-12 14:00,2026-03-12 14:00,2026-03-12 14:00,2026-03-12 14:00,5.0,4.98,,276
215,2026-03-12 15:00,2026-03-12 15:00,2026-03-12 15:00,2026-03-12 15:00,5.0,4.98,up,277
216,2026-03-12 16:00,2026-03-12 16:00,2026-03-12 16:00,2026-03-12 16:00,5.01,4.99,up,278
217,2026-03-13 10:30,2026-03-13 10:30,2026-03-13 10:30,2026-03-13 10:30,5.05,5.0,up,279
218,2026-03-13 11:30,2026-03-13 11:30,2026-03-13 11:30,2026-03-13 11:30,5.06,5.03,up,280
219,2026-03-13 12:00,2026-03-13 12:00,2026-03-13 12:00,2026-03-13 12:00,5.06,5.05,,281
220,2026-03-13 14:00,2026-03-13 14:00,2026-03-13 14:00,2026-03-13 14:00,5.12,5.05,up,282
221,2026-03-13 15:00,2026-03-13 15:00,2026-03-13 15:00,2026-03-13 15:00,5.14,5.08,up,283
222,2026-03-13 16:00,2026-03-13 16:00,2026-03-13 16:00,2026-03-13 16:00,5.1,5.06,down,284
223,2026-03-16 10:30,2026-03-16 10:30,2026-03-16 10:30,2026-03-16 10:30,5.15,5.09,up,285
224,2026-03-16 11:30,2026-03-16 11:30,2026-03-16 11:30,2026-03-16 11:30,5.12,5.09,,286
225,2026-03-16 12:00,2026-03-16 14:00,2026-03-16 14:00,2026-03-16 14:00,5.12,5.08,,"287,288"
226,2026-03-16 15:00,2026-03-16 15:00,2026-03-16 15:00,2026-03-16 15:00,5.11,5.08,,289
227,2026-03-16 16:00,2026-03-16 16:00,2026-03-16 16:00,2026-03-16 16:00,5.11,5.06,up,290
228,2026-03-17 10:30,2026-03-17 10:30,2026-03-17 10:30,2026-03-17 10:30,5.17,5.09,up,291
229,2026-03-17 11:30,2026-03-17 11:30,2026-03-17 11:30,2026-03-17 11:30,5.17,5.13,,292
230,2026-03-17 12:00,2026-03-17 12:00,2026-03-17 12:00,2026-03-17 12:00,5.17,5.15,,293
231,2026-03-17 14:00,2026-03-17 14:00,2026-03-17 14:00,2026-03-17 14:00,5.17,5.14,,294
232,2026-03-17 15:00,2026-03-17 15:00,2026-03-17 15:00,2026-03-17 15:00,5.16,5.14,,295
233,2026-03-17 16:00,2026-03-17 16:00,2026-03-17 16:00,2026-03-17 16:00,5.16,5.11,,296
234,2026-03-18 10:30,2026-03-18 10:30,2026-03-18 10:30,2026-03-18 10:30,5.16,5.11,,297
235,2026-03-18 11:30,2026-03-18 11:30,2026-03-18 11:30,2026-03-18 11:30,5.16,5.11,down,298
236,2026-03-18 12:00,2026-03-18 12:00,2026-03-18 12:00,2026-03-18 12:00,5.12,5.1,down,299
237,2026-03-18 14:00,2026-03-18 15:00,2026-03-18 14:00,2026-03-18 15:00,5.15,5.13,up,"300,301"
238,2026-03-18 16:00,2026-03-18 16:00,2026-03-18 16:00,2026-03-18 16:00,5.16,5.11,down,302
239,2026-03-19 10:30,2026-03-19 10:30,2026-03-19 10:30,2026-03-19 10:30,5.15,5.08,down,303
240,2026-03-19 11:30,2026-03-19 12:00,2026-03-19 11:30,2026-03-19 12:00,5.16,5.12,up,"304,305"
241,2026-03-19 14:00,2026-03-19 14:00,2026-03-19 14:00,2026-03-19 14:00,5.13,5.09,down,306
242,2026-03-19 15:00,2026-03-19 15:00,2026-03-19 15:00,2026-03-19 15:00,5.12,5.09,up,307
243,2026-03-19 16:00,2026-03-19 16:00,2026-03-19 16:00,2026-03-19 16:00,5.15,5.1,up,308
244,2026-03-20 10:30,2026-03-20 12:00,2026-03-20 12:00,2026-03-20 10:30,5.04,5.0,down,"309,310,311"
245,2026-03-20 14:00,2026-03-20 14:00,2026-03-20 14:00,2026-03-20 14:00,5.07,5.03,up,312
246,2026-03-20 15:00,2026-03-20 15:00,2026-03-20 15:00,2026-03-20 15:00,5.08,5.03,,313
247,2026-03-20 16:00,2026-03-20 16:00,2026-03-20 16:00,2026-03-20 16:00,5.08,5.01,down,314
248,2026-03-23 10:30,2026-03-23 10:30,2026-03-23 10:30,2026-03-23 10:30,5.03,4.97,down,315
249,2026-03-23 11:30,2026-03-23 11:30,2026-03-23 11:30,2026-03-23 11:30,5.01,4.95,down,316
250,2026-03-23 12:00,2026-03-23 12:00,2026-03-23 12:00,2026-03-23 12:00,4.97,4.94,down,317
251,2026-03-23 14:00,2026-03-23 15:00,2026-03-23 14:00,2026-03-23 14:00,4.97,4.93,,"318,319"
252,2026-03-23 16:00,2026-03-23 16:00,2026-03-23 16:00,2026-03-23 16:00,5.0,4.93,,320
253,2026-03-24 10:30,2026-03-24 12:00,2026-03-24 12:00,2026-03-24 10:30,4.93,4.89,down,"321,322,323"
254,2026-03-24 14:00,2026-03-25 10:30,2026-03-24 15:00,2026-03-25 10:30,4.91,4.84,down,"324,325,326,327"
255,2026-03-25 11:30,2026-03-25 11:30,2026-03-25 11:30,2026-03-25 11:30,4.94,4.92,up,328
256,2026-03-25 12:00,2026-03-25 12:00,2026-03-25 12:00,2026-03-25 12:00,4.94,4.92,down,329
257,2026-03-25 14:00,2026-03-25 14:00,2026-03-25 14:00,2026-03-25 14:00,4.93,4.88,down,330
258,2026-03-25 15:00,2026-03-25 15:00,2026-03-25 15:00,2026-03-25 15:00,4.9,4.87,down,331
259,2026-03-25 16:00,2026-03-25 16:00,2026-03-25 16:00,2026-03-25 16:00,4.93,4.87,,332
260,2026-03-26 10:30,2026-03-26 10:30,2026-03-26 10:30,2026-03-26 10:30,4.92,4.87,,333
261,2026-03-26 11:30,2026-03-26 12:00,2026-03-26 11:30,2026-03-26 11:30,4.92,4.88,,"334,335"
262,2026-03-26 14:00,2026-03-26 14:00,2026-03-26 14:00,2026-03-26 14:00,4.91,4.88,,336
263,2026-03-26 15:00,2026-03-26 16:00,2026-03-26 16:00,2026-03-26 16:00,4.92,4.86,,"337,338"
264,2026-03-27 10:30,2026-03-27 10:30,2026-03-27 10:30,2026-03-27 10:30,4.9,4.86,,339
265,2026-03-27 11:30,2026-03-27 11:30,2026-03-27 11:30,2026-03-27 11:30,4.88,4.86,,340
266,2026-03-27 12:00,2026-03-27 12:00,2026-03-27 12:00,2026-03-27 12:00,4.88,4.86,up,341
267,2026-03-27 14:00,2026-03-27 14:00,2026-03-27 14:00,2026-03-27 14:00,4.89,4.87,up,342
268,2026-03-27 15:00,2026-03-27 16:00,2026-03-27 15:00,2026-03-27 16:00,4.88,4.85,down,"343,344"
269,2026-03-30 10:30,2026-03-30 10:30,2026-03-30 10:30,2026-03-30 10:30,4.83,4.76,down,345
270,2026-03-30 11:30,2026-03-30 11:30,2026-03-30 11:30,2026-03-30 11:30,4.81,4.76,,346
271,2026-03-30 12:00,2026-03-30 12:00,2026-03-30 12:00,2026-03-30 12:00,4.8,4.76,down,347
272,2026-03-30 14:00,2026-03-30 14:00,2026-03-30 14:00,2026-03-30 14:00,4.78,4.75,down,348
273,2026-03-30 15:00,2026-03-31 10:30,2026-03-31 10:30,2026-03-30 15:00,4.83,4.77,up,"349,350,351"
274,2026-03-31 11:30,2026-03-31 11:30,2026-03-31 11:30,2026-03-31 11:30,4.78,4.76,down,352
275,2026-03-31 12:00,2026-03-31 12:00,2026-03-31 12:00,2026-03-31 12:00,4.77,4.76,,353
276,2026-03-31 14:00,2026-03-31 14:00,2026-03-31 14:00,2026-03-31 14:00,4.8,4.76,up,354
277,2026-03-31 15:00,2026-03-31 16:00,2026-03-31 16:00,2026-03-31 15:00,4.83,4.79,up,"355,356"
278,2026-04-01 10:30,2026-04-01 10:30,2026-04-01 10:30,2026-04-01 10:30,4.9,4.85,up,357
279,2026-04-01 11:30,2026-04-01 11:30,2026-04-01 11:30,2026-04-01 11:30,4.9,4.86,,358
280,2026-04-01 12:00,2026-04-01 12:00,2026-04-01 12:00,2026-04-01 12:00,4.9,4.88,,359
281,2026-04-01 14:00,2026-04-01 14:00,2026-04-01 14:00,2026-04-01 14:00,4.91,4.88,,360
282,2026-04-01 15:00,2026-04-01 15:00,2026-04-01 15:00,2026-04-01 15:00,4.91,4.89,down,361
283,2026-04-01 16:00,2026-04-02 10:30,2026-04-02 10:30,2026-04-01 16:00,4.89,4.84,down,"362,363"
284,2026-04-02 11:30,2026-04-02 12:00,2026-04-02 11:30,2026-04-02 11:30,4.89,4.86,,"364,365"
285,2026-04-02 14:00,2026-04-02 14:00,2026-04-02 14:00,2026-04-02 14:00,4.89,4.85,up,366
286,2026-04-02 15:00,2026-04-02 15:00,2026-04-02 15:00,2026-04-02 15:00,4.9,4.87,up,367
287,2026-04-02 16:00,2026-04-02 16:00,2026-04-02 16:00,2026-04-02 16:00,4.9,4.85,up,368
288,2026-04-08 10:30,2026-04-08 11:30,2026-04-08 10:30,2026-04-08 11:30,4.97,4.94,up,"369,370"
289,2026-04-08 12:00,2026-04-08 12:00,2026-04-08 12:00,2026-04-08 12:00,4.95,4.93,down,371
290,2026-04-08 14:00,2026-04-08 14:00,2026-04-08 14:00,2026-04-08 14:00,4.95,4.93,down,372
291,2026-04-08 15:00,2026-04-08 15:00,2026-04-08 15:00,2026-04-08 15:00,4.94,4.92,down,373
292,2026-04-08 16:00,2026-04-08 16:00,2026-04-08 16:00,2026-04-08 16:00,4.93,4.89,down,374
293,2026-04-09 10:30,2026-04-09 10:30,2026-04-09 10:30,2026-04-09 10:30,4.95,4.9,up,375
294,2026-04-09 11:30,2026-04-09 11:30,2026-04-09 11:30,2026-04-09 11:30,4.96,4.93,up,376
295,2026-04-09 12:00,2026-04-09 12:00,2026-04-09 12:00,2026-04-09 12:00,4.96,4.94,up,377
296,2026-04-09 14:00,2026-04-09 15:00,2026-04-09 14:00,2026-04-09 15:00,5.01,4.97,up,"378,379"
297,2026-04-09 16:00,2026-04-09 16:00,2026-04-09 16:00,2026-04-09 16:00,4.98,4.92,down,380
298,2026-04-10 10:30,2026-04-10 11:30,2026-04-10 10:30,2026-04-10 11:30,5.01,4.98,up,"381,382"
299,2026-04-10 12:00,2026-04-10 12:00,2026-04-10 12:00,2026-04-10 12:00,4.99,4.98,,383
300,2026-04-10 14:00,2026-04-10 14:00,2026-04-10 14:00,2026-04-10 14:00,5.0,4.98,,384
301,2026-04-10 15:00,2026-04-10 15:00,2026-04-10 15:00,2026-04-10 15:00,5.0,4.99,,385
302,2026-04-10 16:00,2026-04-10 16:00,2026-04-10 16:00,2026-04-10 16:00,5.0,4.97,,386
303,2026-04-13 10:30,2026-04-13 10:30,2026-04-13 10:30,2026-04-13 10:30,5.0,4.98,,387
304,2026-04-13 11:30,2026-04-13 11:30,2026-04-13 11:30,2026-04-13 11:30,4.99,4.98,,388
305,2026-04-13 12:00,2026-04-13 12:00,2026-04-13 12:00,2026-04-13 12:00,4.99,4.98,,389
306,2026-04-13 14:00,2026-04-13 14:00,2026-04-13 14:00,2026-04-13 14:00,4.99,4.97,up,390
307,2026-04-13 15:00,2026-04-13 15:00,2026-04-13 15:00,2026-04-13 15:00,5.0,4.98,up,391
308,2026-04-13 16:00,2026-04-13 16:00,2026-04-13 16:00,2026-04-13 16:00,5.02,4.99,up,392
309,2026-04-14 10:30,2026-04-14 10:30,2026-04-14 10:30,2026-04-14 10:30,5.03,5.0,up,393
310,2026-04-14 11:30,2026-04-14 11:30,2026-04-14 11:30,2026-04-14 11:30,5.02,4.99,down,394
311,2026-04-14 12:00,2026-04-14 12:00,2026-04-14 12:00,2026-04-14 12:00,5.0,4.99,,395
312,2026-04-14 14:00,2026-04-14 14:00,2026-04-14 14:00,2026-04-14 14:00,5.0,4.96,,396
313,2026-04-14 15:00,2026-04-14 15:00,2026-04-14 15:00,2026-04-14 15:00,4.98,4.96,,397
314,2026-04-14 16:00,2026-04-14 16:00,2026-04-14 16:00,2026-04-14 16:00,5.02,4.96,,398
315,2026-04-15 10:30,2026-04-15 10:30,2026-04-15 10:30,2026-04-15 10:30,5.0,4.96,down,399
316,2026-04-15 11:30,2026-04-15 11:30,2026-04-15 11:30,2026-04-15 11:30,4.97,4.95,down,400
317,2026-04-15 12:00,2026-04-15 12:00,2026-04-15 12:00,2026-04-15 12:00,4.95,4.92,down,401
318,2026-04-15 14:00,2026-04-15 14:00,2026-04-15 14:00,2026-04-15 14:00,4.94,4.89,down,402
319,2026-04-15 15:00,2026-04-15 15:00,2026-04-15 15:00,2026-04-15 15:00,4.9,4.88,down,403
320,2026-04-15 16:00,2026-04-15 16:00,2026-04-15 16:00,2026-04-15 16:00,4.93,4.88,down,404
321,2026-04-16 10:30,2026-04-16 10:30,2026-04-16 10:30,2026-04-16 10:30,4.91,4.86,down,405
322,2026-04-16 11:30,2026-04-16 11:30,2026-04-16 11:30,2026-04-16 11:30,4.92,4.86,,406
323,2026-04-16 12:00,2026-04-16 12:00,2026-04-16 12:00,2026-04-16 12:00,4.92,4.9,,407
324,2026-04-16 14:00,2026-04-16 14:00,2026-04-16 14:00,2026-04-16 14:00,4.94,4.9,,408
325,2026-04-16 15:00,2026-04-16 15:00,2026-04-16 15:00,2026-04-16 15:00,4.94,4.89,down,409
326,2026-04-16 16:00,2026-04-16 16:00,2026-04-16 16:00,2026-04-16 16:00,4.91,4.88,down,410
327,2026-04-17 10:30,2026-04-17 12:00,2026-04-17 10:30,2026-04-17 10:30,4.91,4.87,,"411,412,413"
328,2026-04-17 14:00,2026-04-17 14:00,2026-04-17 14:00,2026-04-17 14:00,4.91,4.88,,414
329,2026-04-17 15:00,2026-04-17 15:00,2026-04-17 15:00,2026-04-17 15:00,4.91,4.89,up,415
330,2026-04-17 16:00,2026-04-17 16:00,2026-04-17 16:00,2026-04-17 16:00,4.92,4.9,up,416
331,2026-04-20 10:30,2026-04-20 10:30,2026-04-20 10:30,2026-04-20 10:30,4.92,4.88,,417
332,2026-04-20 11:30,2026-04-20 11:30,2026-04-20 11:30,2026-04-20 11:30,4.92,4.89,,418
333,2026-04-20 12:00,2026-04-20 12:00,2026-04-20 12:00,2026-04-20 12:00,4.92,4.9,,419
334,2026-04-20 14:00,2026-04-20 14:00,2026-04-20 14:00,2026-04-20 14:00,4.92,4.9,,420
335,2026-04-20 15:00,2026-04-20 15:00,2026-04-20 15:00,2026-04-20 15:00,4.93,4.9,up,421
336,2026-04-20 16:00,2026-04-20 16:00,2026-04-20 16:00,2026-04-20 16:00,4.96,4.92,up,422
337,2026-04-21 10:30,2026-04-21 10:30,2026-04-21 10:30,2026-04-21 10:30,5.03,4.95,up,423
338,2026-04-21 11:30,2026-04-21 11:30,2026-04-21 11:30,2026-04-21 11:30,5.04,5.0,up,424
339,2026-04-21 12:00,2026-04-21 12:00,2026-04-21 12:00,2026-04-21 12:00,5.06,5.04,up,425
340,2026-04-21 14:00,2026-04-21 15:00,2026-04-21 14:00,2026-04-21 15:00,5.06,5.02,up,"426,427"
341,2026-04-21 16:00,2026-04-21 16:00,2026-04-21 16:00,2026-04-21 16:00,5.07,5.02,down,428
342,2026-04-22 10:30,2026-04-22 10:30,2026-04-22 10:30,2026-04-22 10:30,5.06,5.01,down,429
343,2026-04-22 11:30,2026-04-22 11:30,2026-04-22 11:30,2026-04-22 11:30,5.07,5.04,up,430
344,2026-04-22 12:00,2026-04-22 12:00,2026-04-22 12:00,2026-04-22 12:00,5.07,5.05,down,431
345,2026-04-22 14:00,2026-04-22 14:00,2026-04-22 14:00,2026-04-22 14:00,5.06,5.04,down,432
346,2026-04-22 15:00,2026-04-22 15:00,2026-04-22 15:00,2026-04-22 15:00,5.06,5.04,,433
347,2026-04-22 16:00,2026-04-23 10:30,2026-04-23 10:30,2026-04-22 16:00,5.07,5.01,up,"434,435"
348,2026-04-23 11:30,2026-04-23 11:30,2026-04-23 11:30,2026-04-23 11:30,5.12,5.05,up,436
349,2026-04-23 12:00,2026-04-23 12:00,2026-04-23 12:00,2026-04-23 12:00,5.13,5.09,up,437
350,2026-04-23 14:00,2026-04-23 14:00,2026-04-23 14:00,2026-04-23 14:00,5.13,5.08,,438
351,2026-04-23 15:00,2026-04-23 15:00,2026-04-23 15:00,2026-04-23 15:00,5.13,5.09,up,439
352,2026-04-23 16:00,2026-04-23 16:00,2026-04-23 16:00,2026-04-23 16:00,5.15,5.11,up,440
353,2026-04-24 10:30,2026-04-24 10:30,2026-04-24 10:30,2026-04-24 10:30,5.0,4.91,down,441
354,2026-04-24 11:30,2026-04-24 11:30,2026-04-24 11:30,2026-04-24 11:30,4.97,4.9,down,442
355,2026-04-24 12:00,2026-04-24 12:00,2026-04-24 12:00,2026-04-24 12:00,5.01,4.95,up,443
356,2026-04-24 14:00,2026-04-24 14:00,2026-04-24 14:00,2026-04-24 14:00,5.01,4.97,,444
357,2026-04-24 15:00,2026-04-24 15:00,2026-04-24 15:00,2026-04-24 15:00,5.02,4.97,up,445
358,2026-04-24 16:00,2026-04-24 16:00,2026-04-24 16:00,2026-04-24 16:00,5.06,5.0,up,446
