ts,close,ema12,ema26,dif,dea,macd
2026-01-02 10:30,5.5,5.5,5.5,0.0,0.0,0.0
2026-01-02 11:30,5.5,5.5,5.5,0.0,0.0,0.0
2026-01-02 12:00,5.5,5.5,5.5,0.0,0.0,0.0
2026-01-02 14:00,5.51,5.501538461538462,5.50074074074074,0.0007977207977214462,0.00015954415954428925,0.001276353276354314
2026-01-02 15:00,5.51,5.50284023668639,5.5014266117969814,0.0014136248894089931,0.00041036030551723,0.002006529167783526
2026-01-02 16:00,5.47,5.497787892580792,5.499098714626834,-0.0013108220460420483,6.612383520537439e-05,-0.0027538917624948455
2026-01-05 10:30,5.47,5.493512832183747,5.496943254284106,-0.003430422100358932,-0.0006331853519074869,-0.00559447349690289
2026-01-05 11:30,5.46,5.488357011847786,5.494206716929727,-0.005849705081941714,-0.0016764892979143323,-0.008346431568054764
2026-01-05 12:00,5.45,5.482455933101972,5.490932145305303,-0.008476212203330391,-0.0030364338789975443,-0.010879556648665693
2026-01-05 14:00,5.45,5.477462712624746,5.487900134541947,-0.010437421917201206,-0.004516631486638277,-0.011841580861125859
2026-01-05 15:00,5.45,5.473237679913246,5.485092717168469,-0.011855037255223522,-0.005984312640355326,-0.01174144922973639
2026-01-05 16:00,5.41,5.463508806080439,5.479530293674508,-0.016021487594069406,-0.007991747631098143,-0.016059479925942526
2026-01-06 10:30,5.43,5.458353605144987,5.475861383031952,-0.01750777788696478,-0.00989495368227147,-0.015225648409386623
2026-01-06 11:30,5.49,5.463222281276528,5.476908687992548,-0.013686406716019839,-0.010653244289021145,-0.006066324853997388
2026-01-06 12:00,5.48,5.465803468772447,5.4771376740671744,-0.011334205294727617,-0.01078943649016244,-0.0010895376091303553
2026-01-06 14:00,5.49,5.469526012038225,5.478090438951087,-0.008564426912862189,-0.01034443457470239,0.0035600153236804016
2026-01-06 15:00,5.5,5.4742143178784985,5.479713369399154,-0.005499051520655662,-0.009375357963893044,0.007752612886474764
2026-01-06 16:00,5.47,5.473565961281807,5.478993860554772,-0.005427899272965497,-0.008585866225707535,0.006315933905484076
2026-01-07 10:30,5.41,5.463786582623067,5.4738832042173815,-0.01009662159431457,-0.008888017299428943,-0.0024172085897712532
2026-01-07 11:30,5.39,5.452434800681056,5.467669633534612,-0.015234832853556313,-0.010157380410254418,-0.01015490488660379
2026-01-07 12:00,5.4,5.444367908268585,5.462657068087604,-0.018289159819018685,-0.011783736292007272,-0.013010847054022827
2026-01-07 14:00,5.39,5.436003614688802,5.457275063044078,-0.02127144835527517,-0.013681278704660852,-0.015180339301228633
2026-01-07 15:00,5.39,5.428926135505909,5.452291725040813,-0.02336558953490364,-0.01561814087070941,-0.015494897328388463
2026-01-07 16:00,5.38,5.421399037735769,5.4469367824451975,-0.025537744709428267,-0.01760206163845318,-0.01587136614195017
2026-01-08 10:30,5.36,5.411953031930266,5.44049702078259,-0.028543988852323565,-0.01979044708122726,-0.01750708354219261
2026-01-08 11:30,5.34,5.400883334710224,5.433052797020916,-0.03216946231069162,-0.02226625012712013,-0.01980642436714298
2026-01-08 12:00,5.35,5.39305512937019,5.426900737982329,-0.0338456086121397,-0.024582121824124045,-0.018526973576031308
2026-01-08 14:00,5.33,5.383354340236314,5.419722905539194,-0.036368565302879574,-0.026939410519875154,-0.01885830956600884
2026-01-08 15:00,5.32,5.373607518661497,5.412336023647401,-0.03872850498590452,-0.02929722941308103,-0.018862551145646986
2026-01-08 16:00,5.34,5.368437131175112,5.406977799673519,-0.038540668498407094,-0.031145917230146244,-0.014789502536521698
2026-01-09 10:30,5.38,5.370216034071249,5.404979444142148,-0.03476341007089889,-0.031869415798296774,-0.005787988545204237
2026-01-09 11:30,5.37,5.370182798060288,5.402388374205692,-0.032205576145404535,-0.031936647867718326,-0.0005378565553724179
2026-01-09 12:00,5.38,5.371693136820244,5.4007299761163825,-0.029036839296138872,-0.03135668615340244,0.004639693714527132
2026-01-09 14:00,5.34,5.36681726961713,5.39623145936702,-0.029414189749890518,-0.030968186872700056,0.0031079942456190765
2026-01-09 15:00,5.34,5.362691535829878,5.392066166080574,-0.029374630250695866,-0.03064947554829922,0.0025496905952067106
2026-01-09 16:00,5.31,5.354585145702204,5.385987190815347,-0.031402045113142485,-0.030799989461267874,-0.001204111303749221
2026-01-12 10:30,5.32,5.349264354055712,5.38109925075495,-0.031834896699238335,-0.031006970908861967,-0.0016558515807527374
2026-01-12 11:30,5.32,5.344762145739448,5.376573380328657,-0.03181123458920876,-0.031167823644931328,-0.0012868218885548621
2026-01-12 12:00,5.33,5.342491046394918,5.373123500304312,-0.030632453909394286,-0.031060749697823922,0.0008565915768592725
2026-01-12 14:00,5.3,5.335953962334161,5.367706944726215,-0.03175298239205393,-0.031199196236669925,-0.0011075723107680097
2026-01-12 15:00,5.3,5.330422583513521,5.362691615487235,-0.03226903197371467,-0.031413163384078874,-0.0017117371792715885
2026-01-12 16:00,5.33,5.330357570665287,5.360270014340033,-0.029912443674746214,-0.031113019442212342,0.0024011515349322554
2026-01-13 10:30,5.34,5.331841021332165,5.3587685317963265,-0.02692751046416131,-0.03027591764660214,0.006696814364881662
2026-01-13 11:30,5.34,5.333096248819524,5.357378270181783,-0.024282021362258988,-0.02907713838973351,0.009590234054949048
2026-01-13 12:00,5.33,5.3326199028472905,5.355350250168318,-0.02273034732102719,-0.02780778017599225,0.01015486570993012
2026-01-13 14:00,5.31,5.329139917793861,5.351990972378072,-0.022851054584211106,-0.026816435057636024,0.007930760946849837
2026-01-13 15:00,5.34,5.330810699671728,5.3511027522019186,-0.020292052530190396,-0.0255115585521469,0.01043901204391301
2026-01-13 16:00,5.32,5.329147515106847,5.348798844631406,-0.01965132952455928,-0.024339512746629377,0.009376366444140194
2026-01-14 10:30,5.36,5.333894051244255,5.349628559843894,-0.015734508599638986,-0.022618511917231302,0.013768006635184633
2026-01-14 11:30,5.32,5.331756504898985,5.347433851707309,-0.015677346808323556,-0.021230278895449754,0.011105864174252397
2026-01-14 12:00,5.33,5.331486273376065,5.346142455284546,-0.014656181908480725,-0.019915459498055947,0.010518555179150443
2026-01-14 14:00,5.31,5.32818069285667,5.34346523637458,-0.0152845435179092,-0.018989276302026598,0.0074094655682347965
2026-01-14 15:00,5.32,5.326922124724875,5.341727070717203,-0.014804945992328733,-0.018152410240087027,0.006694928495516589
2026-01-14 16:00,5.32,5.325857182459509,5.340117658071485,-0.014260475611975743,-0.01737402331446477,0.006227095404978053
2026-01-15 10:30,5.31,5.323417615927276,5.33788672043656,-0.014469104509283959,-0.016793039553428608,0.004647870088289298
2026-01-15 11:30,5.28,5.3167379827076955,5.3335988152190374,-0.01686083251134196,-0.01680659814501128,-0.00010846873266136259
2026-01-15 12:00,5.28,5.3110859853680505,5.3296285326102195,-0.018542547242168972,-0.01715378796444282,-0.002777518555452302
2026-01-15 14:00,5.25,5.301688141465274,5.323730122787241,-0.02204198132196744,-0.018131426635947745,-0.007821109372039392
2026-01-15 15:00,5.26,5.2952745812398465,5.319009372951149,-0.023734791711302883,-0.019252099651018775,-0.008965384120568215
2026-01-15 16:00,5.28,5.292924645664486,5.316119789769583,-0.023195144105097043,-0.02004070854183443,-0.006308871126525228
2026-01-16 10:30,5.27,5.289397777100719,5.31270350904591,-0.023305731945191255,-0.020693713222505794,-0.0052240374453709215
2026-01-16 11:30,5.2,5.275644272931378,5.3043551009684355,-0.028710828037057823,-0.022297136185416202,-0.012827383703283242
2026-01-16 12:00,5.2,5.264006692480396,5.2966250934892924,-0.03261840100889657,-0.024361389150112274,-0.01651402371756859
2026-01-16 14:00,5.18,5.251082585944951,5.287986197675271,-0.03690361173032031,-0.02686983366615388,-0.02006755612833285
2026-01-16 15:00,5.18,5.240146803491881,5.279987220069695,-0.0398404165778139,-0.029463950248485887,-0.02075293265865602
2026-01-16 16:00,5.19,5.2324319106469765,5.273321500064532,-0.040889589417555605,-0.031749078082299834,-0.018281022670511543
2026-01-19 10:30,5.14,5.2182116167012875,5.263445833393086,-0.0452342166917985,-0.03444610580419957,-0.021576221775197857
2026-01-19 11:30,5.15,5.207717521824166,5.255042438326932,-0.047324916502765824,-0.03702186794391282,-0.020606097117706
2026-01-19 12:00,5.16,5.200376364620448,5.248002257710122,-0.04762589308967424,-0.03914267297306511,-0.016966440233218263
2026-01-19 14:00,5.13,5.189549231601918,5.239261349731595,-0.04971211812967713,-0.041256562004387515,-0.01691111225057923
2026-01-19 15:00,5.13,5.180387811355469,5.231167916418143,-0.05078010506267461,-0.04316127061604494,-0.015237668893259337
2026-01-19 16:00,5.12,5.171097378839243,5.222933255942726,-0.05183587710348281,-0.044896191913532515,-0.013879370379900585
2026-01-20 10:30,5.19,5.174005474402437,5.220493755502524,-0.04648828110008729,-0.045214609750843474,-0.002547342698487637
2026-01-20 11:30,5.17,5.173389247571293,5.216753477317152,-0.043364229745859184,-0.044844533749846614,0.0029606080079748603
2026-01-20 12:00,5.18,5.174406286406478,5.214030997515882,-0.03962471110940324,-0.04380056922175794,0.008351716224709399
2026-01-20 14:00,5.19,5.17680531926702,5.212250923625816,-0.03544560435879607,-0.042129576249165565,0.013367943780738994
2026-01-20 15:00,5.2,5.180373731687478,5.211343447801681,-0.030969716114203294,-0.039897604222173116,0.017855776215939645
2026-01-20 16:00,5.18,5.180316234504789,5.209021710927483,-0.02870547642269372,-0.037659178662277235,0.017907404479167027
2026-01-21 10:30,5.2,5.183344506119437,5.208353436043966,-0.025008929924529077,-0.03512912891472761,0.020240397980397062
2026-01-21 11:30,5.16,5.179753043639524,5.20477170004071,-0.025018656401186057,-0.0331070344120193,0.01617675602166649
2026-01-21 12:00,5.15,5.175175652310366,5.200714537074731,-0.025538884764364944,-0.03159340448248843,0.012109039436246971
2026-01-21 14:00,5.11,5.165148628878002,5.193994941735862,-0.028846312857859324,-0.03104398615756261,0.004395346599406574
2026-01-21 15:00,5.09,5.15358730135831,5.1862916127183905,-0.03270431136008067,-0.031376051198066225,-0.0026565203240288965
2026-01-21 16:00,5.13,5.149958485764724,5.182121863628139,-0.032163377863414944,-0.03153351653113597,-0.0012597226645579412
2026-01-22 10:30,5.14,5.148426411031689,5.17900172558161,-0.030575314549921018,-0.03134187613489298,0.0015331231699439313
2026-01-22 11:30,5.14,5.147130040103737,5.1761127088718615,-0.028982668768124498,-0.030870034661539286,0.003774731786829577
2026-01-22 12:00,5.17,5.150648495472393,5.175659915622094,-0.025011420149700925,-0.029698311759171616,0.009373783218941383
2026-01-22 14:00,5.17,5.153625650015102,5.17524066261305,-0.02161501259794818,-0.02808165192692693,0.0129332786579575
2026-01-22 15:00,5.16,5.154606319243548,5.174111724641714,-0.019505405398165365,-0.026366402621174616,0.013721994446018501
2026-01-22 16:00,5.17,5.156974577821464,5.173807152446031,-0.016832574624566554,-0.024459637021853005,0.015254124794572901
2026-01-23 10:30,5.24,5.169747719695085,5.178710326338917,-0.008962606643832416,-0.02136023094624889,0.024795248604832947
2026-01-23 11:30,5.24,5.180555762818917,5.183250302165664,-0.0026945393467467937,-0.01762709262634847,0.029865106559203353
2026-01-23 12:00,5.23,5.188162568539084,5.186713242745986,0.0014493257930983106,-0.013811808942459114,0.03052226947111485
2026-01-23 14:00,5.25,5.197676019533072,5.191401150690728,0.006274868842343295,-0.009794473385498633,0.03213868445568385
2026-01-23 15:00,5.26,5.207264324220291,5.19648254693586,0.010781777284431193,-0.005679223251512667,0.032922001071887724
2026-01-23 16:00,5.24,5.2123005820325545,5.199706061977648,0.012594520054906688,-0.0020244745902287956,0.029237989290270966
2026-01-26 10:30,5.18,5.207331261719854,5.1982463536830075,0.009084908036846251,0.00019740193518621367,0.017775012203320076
2026-01-26 11:30,5.17,5.20158799068603,5.1961540311879695,0.005433959498060581,0.0012447134477610873,0.008378492100598987
2026-01-26 12:00,5.16,5.195189838272794,5.1934759548036755,0.0017138834691188265,0.0013385474520326351,0.0007506720341723828
2026-01-26 14:00,5.19,5.194391401615441,5.1932184766700695,0.0011729249453713564,0.0013054229507003796,-0.0002649960106580465
2026-01-26 15:00,5.17,5.190638878289988,5.191498589509323,-0.0008597112193351464,0.0008723961166932745,-0.0034642146720568418
2026-01-26 16:00,5.2,5.192079050860759,5.192128323619744,-4.927275898491956e-05,0.0006880623415576358,-0.0014746702010851108
2026-01-27 10:30,5.18,5.190220735343719,5.191229929277541,-0.001009193933821706,0.0003486110864817675,-0.002715610040606947
2026-01-27 11:30,5.18,5.188648314521609,5.19039808266439,-0.0017497681427807166,-7.10647593707293e-05,-0.0033574067668199746
2026-01-27 12:00,5.15,5.182702419979823,5.187405632096658,-0.004703212116834443,-0.000997494230863472,-0.007411435771941942
2026-01-27 14:00,5.16,5.1792097399829276,5.1853755852746835,-0.0061658452917559,-0.0020311644430419575,-0.008269361697427886
2026-01-27 15:00,5.13,5.171639010754785,5.181273690069151,-0.00963467931436579,-0.003551867417306724,-0.012165623794118133
2026-01-27 16:00,5.1,5.160617624484818,5.175253416730695,-0.014635792245877077,-0.005768652383020795,-0.017734279725712565
2026-01-28 10:30,5.24,5.172830297640999,5.180049459935828,-0.007219162294829218,-0.00605875436538248,-0.002320815858893476
2026-01-28 11:30,5.36,5.201625636465461,5.193379129570211,0.008246506895249972,-0.00319770211325599,0.022888418017011924
2026-01-28 12:00,5.37,5.227529384701544,5.2064621570094545,0.021067227692089574,0.001655283847813123,0.038823887688552904
2026-01-28 14:00,5.4,5.25406332551669,5.220798293527273,0.03326503198941744,0.007977233476133987,0.0505755970265669
2026-01-28 15:00,5.46,5.285745890821815,5.238516938451179,0.04722895237063618,0.015827577255034427,0.0628027502312035
2026-01-28 16:00,5.42,5.30640036915692,5.251960128195536,0.05444024096138378,0.023550109996304296,0.06178026193015897
2026-01-29 10:30,5.39,5.319261850825086,5.262185303884756,0.05707654694032982,0.030255397385109406,0.05364229911044083
2026-01-29 11:30,5.38,5.32860618146738,5.270912318411812,0.057693863055568784,0.035743090519201284,0.043901545072735
2026-01-29 12:00,5.4,5.339589845857014,5.280474368899826,0.059115476957187774,0.04041756780679859,0.03739581830077837
2026-01-29 14:00,5.41,5.350422177263627,5.290068860092432,0.06035331717119519,0.04440471767967791,0.03189719898303456
2026-01-29 15:00,5.42,5.361126457684607,5.299693388974474,0.061433068710132765,0.04781038788576888,0.027245361648727776
2026-01-29 16:00,5.42,5.370183925733129,5.3086049897911805,0.06157893594194874,0.050564097497004856,0.022029676889887773
2026-01-30 10:30,5.36,5.368617167928032,5.3124120275844255,0.05620514034360635,0.05169230606632516,0.009025668554562383
2026-01-30 11:30,5.36,5.367291449785258,5.315937062578171,0.05135438720708674,0.05162472229447748,-0.0005406701747814879
2026-01-30 12:00,5.38,5.369246611356757,5.320682465350158,0.04856414600659864,0.05101260703690172,-0.004896922060606157
2026-01-30 14:00,5.38,5.370900978840333,5.3250763568057025,0.04582462203463056,0.049975010036447484,-0.008300776003633853
2026-01-30 15:00,5.38,5.372300828249513,5.3291447748200955,0.043156053429417085,0.04861121871504141,-0.010910330571248655
2026-01-30 16:00,5.38,5.373485316211126,5.332911828537126,0.04057348767400004,0.04700367250683314,-0.0128603696656662
2026-02-02 10:30,4.97,5.311410652178646,5.30602947086771,0.005381181310935901,0.0386791742676537,-0.0665959859134356
2026-02-02 11:30,4.98,5.260424397997316,5.2818791396923235,-0.02145474169500705,0.026652391075121552,-0.09621426554025721
2026-02-02 12:00,4.97,5.215743721382345,5.258776981196595,-0.043033259814250435,0.012715260897247154,-0.11149704142299519
2026-02-02 14:00,5.02,5.185629302708138,5.241089797404254,-0.055460494696116136,-0.0009198902214255043,-0.10908120894938127
2026-02-02 15:00,5.06,5.166301717676117,5.227675738337272,-0.06137402066115527,-0.013010716309371458,-0.09672660870356763
2026-02-02 16:00,5.11,5.157639914956714,5.218959016978955,-0.061319102022241445,-0.022672393451945456,-0.07729341714059199
2026-02-03 10:30,5.0,5.133387620347988,5.2027398305360695,-0.06935221018808146,-0.03200835679917266,-0.07468770677781761
2026-02-03 11:30,5.01,5.114404909525221,5.188462806051916,-0.07405789652669537,-0.040418264744677204,-0.06727926356403632
2026-02-03 12:00,5.02,5.099881077290572,5.1759840796777,-0.07610300238712764,-0.047555212273167294,-0.05709558022792069
2026-02-03 14:00,4.98,5.081437834630484,5.1614667404423145,-0.08002890581183042,-0.05404995098089993,-0.05195790966186098
2026-02-03 15:00,5.0,5.068908936995025,5.149506241150291,-0.08059730415526634,-0.05935942161577322,-0.04247576507898623
2026-02-03 16:00,5.0,5.058307562072714,5.138431704768788,-0.08012414269607415,-0.06351236583183341,-0.033223553728481486
2026-02-04 10:30,5.01,5.050875629446143,5.128918245156285,-0.07804261571014237,-0.0664184158074952,-0.023248399805294334
2026-02-04 11:30,4.98,5.039971686454429,5.117887264033597,-0.07791557757916845,-0.06871784816182985,-0.018395458834677192
2026-02-04 12:00,5.0,5.033822196230671,5.109154874105182,-0.07533267787451159,-0.0700408141043662,-0.010583727540290772
2026-02-04 14:00,5.0,5.028618781425952,5.101069327875169,-0.07245054644921645,-0.07052276057333626,-0.0038555717517603783
2026-02-04 15:00,5.05,5.031908199668114,5.09728641469923,-0.0653782150311164,-0.06949385146489229,0.008231272867551764
2026-02-04 16:00,5.02,5.030076168949942,5.09156149509188,-0.06148532614193769,-0.06789214640030138,0.01281364051672737
2026-02-05 10:30,5.0,5.025449066034566,5.084779162122111,-0.05933009608754425,-0.06617973633774996,0.013699280500411415
2026-02-05 11:30,5.02,5.024610748183095,5.07998070566862,-0.05536995748552531,-0.06401778056730503,0.01729564616355944
2026-02-05 12:00,5.01,5.022362940770312,5.074796949693168,-0.0524340089228561,-0.06170102623841525,0.0185340346311183
2026-02-05 14:00,5.03,5.023537872959495,5.071478657123304,-0.04794078416380909,-0.05894897782349402,0.022016387319369862
2026-02-05 15:00,5.07,5.030685892504188,5.071369126966022,-0.04068323446183442,-0.05529582915116211,0.029225189378655383
2026-02-05 16:00,5.09,5.039811139811236,5.072749191635206,-0.03293805182397058,-0.05082427368572381,0.03577244372350645
2026-02-06 10:30,5.04,5.039840195224891,5.070323325588154,-0.030483130363262667,-0.04675604502123158,0.03254582931593783
2026-02-06 11:30,5.04,5.0398647805749075,5.068077153322364,-0.028212372747456804,-0.04304731056647663,0.029669875638039647
2026-02-06 12:00,5.02,5.036808660486461,5.0645158827058925,-0.02770722221943167,-0.03997929289706764,0.024544141355271942
2026-02-06 14:00,5.03,5.035761174257775,5.061959150653604,-0.02619797639582888,-0.03722302959681989,0.022050106401982017
2026-02-06 15:00,5.01,5.031797916679656,5.058110324679263,-0.026312407999607323,-0.035040905277377375,0.017456994555540103
2026-02-06 16:00,5.07,5.037675160267401,5.058991041369688,-0.02131588110228666,-0.032295900442359235,0.02196003868014515
2026-02-09 10:30,5.0,5.031878981764724,5.0546213346015625,-0.022742352836838897,-0.03038519092125517,0.015285676168832543
2026-02-09 11:30,4.97,5.022359138416305,5.048353087594039,-0.025993949177734343,-0.029506942572551008,0.007025986789633329
2026-02-09 12:00,4.97,5.014303886352258,5.042549155179666,-0.02824526882740752,-0.029254607823522315,0.0020186779922295867
2026-02-09 14:00,4.95,5.004410980759603,5.035693662203394,-0.03128268144379032,-0.029660222547575915,-0.003244917792428803
2026-02-09 15:00,4.95,4.996040060642741,5.029345983521661,-0.033305922878919425,-0.03038936261384462,-0.005833120530149609
2026-02-09 16:00,4.92,4.984341589774628,5.021246281038575,-0.03690469126394724,-0.031692428343865146,-0.010424525840164192
2026-02-10 10:30,4.94,4.977519806732377,5.015228037998681,-0.03770823126630418,-0.03289558892835295,-0.009625284675902457
2026-02-10 11:30,4.92,4.9686706056966266,5.0081741092580385,-0.03950350356141197,-0.034217171854964756,-0.010572663412894423
2026-02-10 12:00,4.94,4.964259743281761,5.003124175238924,-0.0388644319571636,-0.03514662387540453,-0.0074356161635181495
2026-02-10 14:00,4.92,4.957450552007644,4.99696682892493,-0.03951627691728632,-0.03602055448378089,-0.006991444867010865
2026-02-10 15:00,4.9,4.94861200554493,4.989784100856417,-0.041172095311487134,-0.03705086264932214,-0.008242465324329984
2026-02-10 16:00,4.88,4.9380563123841705,4.981651945237423,-0.0435956328532523,-0.03835981669010818,-0.010471632326288241
2026-02-11 10:30,4.9,4.932201495094298,4.975603652997614,-0.0434021579033157,-0.03936828493274968,-0.008067745941132035
2026-02-11 11:30,4.9,4.927247418925944,4.970003382405198,-0.042755963479254255,-0.0400458206420506,-0.005420285674407305
2026-02-11 12:00,4.9,4.923055508321952,4.96481794667148,-0.04176243834952764,-0.040389144183546014,-0.0027465883319632567
2026-02-11 14:00,4.89,4.91797004550319,4.959275876547666,-0.04130583104447627,-0.040572481555732065,-0.001466698977488412
2026-02-11 15:00,4.9,4.915205423118084,4.954885070877469,-0.03967964775938526,-0.040393914796462704,0.0014285340741548858
2026-02-11 16:00,4.89,4.9113276657153015,4.95007876933099,-0.03875110361568801,-0.040065352560307764,0.002628497889239509
2026-02-12 10:30,4.9,4.909584947912947,4.946369230862028,-0.03678428294908098,-0.03940913863806241,0.00524971137796286
2026-02-12 11:30,4.93,4.912725725157109,4.945156695242618,-0.032430970085509436,-0.038013504927551824,0.011165069684084775
2026-02-12 12:00,4.92,4.913844844363708,4.943293236335758,-0.029448391972049848,-0.03630048233645143,0.013704180728803167
2026-02-12 14:00,4.9,4.911714868307753,4.940086329940517,-0.02837146163276394,-0.03471467819571394,0.012686433125899996
2026-02-12 15:00,4.89,4.908374119337329,4.936376231426404,-0.02800211208907566,-0.03337216497438628,0.010740105770621247
2026-02-12 16:00,4.9,4.9070857932854315,4.9336816957651894,-0.02659590247975796,-0.032016912475460624,0.010842019991405327
2026-02-13 10:30,4.89,4.904457209703057,4.930446014597398,-0.02598880489434041,-0.030811290959236584,0.009644972129792345
2026-02-13 11:30,4.89,4.902233023594895,4.927450013516109,-0.025216989921213795,-0.029692430751632026,0.008950881660836463
2026-02-13 12:00,4.88,4.898812558426449,4.923935197700101,-0.025122639273652325,-0.028778472456036087,0.007311666364767523
2026-02-13 14:00,4.89,4.897456780206995,4.921421479351945,-0.023964699144950252,-0.02781571779381892,0.007702037297737337
2026-02-13 15:00,4.9,4.897848044790535,4.919834703103653,-0.021986658313118745,-0.026649905897678888,0.009326495169120284
2026-02-13 16:00,4.89,4.896640653284298,4.917624725095975,-0.02098407181167694,-0.0255167390804785,0.009065334537603116
2026-02-16 10:30,4.91,4.898695937394407,4.917059930644421,-0.018363993250014587,-0.024086189914385717,0.01144439332874226
2026-02-16 11:30,4.9,4.898896562410652,4.915796232078168,-0.01689966966751566,-0.02264888586501171,0.011498432394992097
2026-02-16 12:00,4.91,4.9006047835782445,4.915366881553859,-0.014762097975614452,-0.021071528287132258,0.012618860623035612
2026-02-20 10:30,4.91,4.902050201489284,4.914969334772091,-0.012919133282807138,-0.019441049286267234,0.013043832006920192
2026-02-20 11:30,4.92,4.904811708952471,4.915341976640825,-0.010530267688353412,-0.01765889296668447,0.014257250556662118
2026-02-20 12:00,4.92,4.90714836911363,4.915687015408171,-0.008538646294541152,-0.015834843632255808,0.014592394675429311
2026-02-20 14:00,4.93,4.91066400463461,4.916747236489047,-0.0060832318544372654,-0.0138845212766921,0.01560257884450967
2026-02-20 15:00,4.93,4.913638773152361,4.917728922675043,-0.004090149522681941,-0.01192564692589007,0.015670994806416257
2026-02-20 16:00,4.92,4.914617423436614,4.91789715062504,-0.0032797271884268397,-0.010196462978397425,0.013833471579941171
2026-02-23 10:30,4.95,4.920060896754057,4.92027513946763,-0.00021424271357251,-0.008200018925432442,0.015971552423719865
2026-02-23 11:30,4.97,4.927743835714971,4.923958462470027,0.0037853732449439903,-0.005802940491357156,0.019176627472602292
2026-02-23 12:00,4.98,4.935783245604976,4.928109687472247,0.007673558132728964,-0.0031076407665399323,0.021562397798537792
2026-02-23 14:00,4.98,4.942585823204211,4.931953414326155,0.010632408878056054,-0.00035963083762073503,0.021984079431353578
2026-02-23 15:00,4.98,4.948341850403564,4.9355124206723655,0.012829429731198161,0.002278181276143044,0.021102496910110236
2026-02-23 16:00,4.98,4.953212334956862,4.938807796918857,0.014404538038005121,0.00470345262851546,0.019402170818979325
2026-02-24 10:30,4.96,4.954256591117344,4.940377589739683,0.013879001377661737,0.006538562378344715,0.014680877998634044
2026-02-24 11:30,4.96,4.955140192483907,4.941831101610817,0.013309090873089957,0.007892668077293764,0.010832845591592387
2026-02-24 12:00,4.96,4.955887855178691,4.943176945935942,0.012710909242748869,0.008856316310384785,0.007709185864728168
2026-02-24 14:00,4.96,4.956520492843508,4.944423098088835,0.012097394754672308,0.00950453199924229,0.005185725510860037
2026-02-24 15:00,4.97,4.958594263175276,4.946317683415588,0.012276579759688211,0.010058941551331475,0.004435276416713471
2026-02-24 16:00,4.96,4.95881053037908,4.947331188347767,0.011479342031313067,0.010343021647327795,0.002272640767970544
2026-02-25 10:30,5.01,4.966685833397683,4.951973322544229,0.014712510853454042,0.011216919488553044,0.006991182729801995
2026-02-25 11:30,5.0,4.97181108979804,4.95553085420762,0.016280235590420133,0.012229582708926462,0.008101305762987343
2026-02-25 12:00,5.0,4.976147845213726,4.958824865007055,0.017322980206670557,0.013248262208475282,0.00814943599639055
2026-02-25 14:00,5.01,4.981355869026999,4.962615615747274,0.018740253279724506,0.014346660422725128,0.008787185713998755
2026-02-25 15:00,5.01,4.98576265840746,4.966125570136366,0.019637088271094782,0.01540474599239906,0.008464684557391446
2026-02-25 16:00,4.99,4.986414557114005,4.967894046422561,0.018520510691443448,0.016027898932207938,0.00498522351847102
2026-02-26 10:30,4.98,4.985427702173389,4.968790783724594,0.016636918448795335,0.016149702835525418,0.0009744312265398333
2026-02-26 11:30,4.98,4.984592671069791,4.9696210960412905,0.014971575028500439,0.015914077274120423,-0.001885004491239968
2026-02-26 12:00,4.98,4.983886106289823,4.9703899037419355,0.013496202547887748,0.015430502328873889,-0.0038685995619722816
2026-02-26 14:00,4.97,4.9817497822452355,4.970361021983274,0.011388760261961117,0.014622153915491334,-0.006466787307060434
2026-02-26 15:00,4.98,4.9814805849767385,4.971075020354884,0.010405564621854602,0.013778836056763989,-0.006746542869818774
2026-02-26 16:00,4.96,4.978175879595702,4.970254648476744,0.00792123111895826,0.012607315069202844,-0.009372167900489167
2026-02-27 10:30,4.97,4.976918051965595,4.970235785626615,0.0066822663389798365,0.011422305323158244,-0.009480077968356815
2026-02-27 11:30,4.95,4.972776813201657,4.968736838543162,0.004039974658494927,0.00994583919022558,-0.011811729063461306
2026-02-27 12:00,4.94,4.9677342265552475,4.966608183836261,0.0011260427189867528,0.008181879895977814,-0.014111674353982123
2026-02-27 14:00,4.95,4.965005884008287,4.965377947996537,-0.00037206398825073705,0.006471091119132104,-0.013686310214765683
2026-02-27 15:00,4.97,4.965774209545474,4.965720322219017,5.388732645705829e-05,0.005187650360597095,-0.010267526068280073
2026-02-27 16:00,4.98,4.967962792692324,4.966778076128719,0.0011847165636051926,0.004387063601198714,-0.006404694075187043
2026-03-02 10:30,4.93,4.962122363047351,4.964053774193258,-0.0019314111459065586,0.0031233686517776597,-0.010109559595368436
2026-03-02 11:30,4.96,4.961795845655451,4.963753494623387,-0.001957648967936265,0.002107165127834875,-0.00812962819154228
2026-03-02 12:00,4.98,4.964596484785382,4.9649569394660995,-0.00036045468071765896,0.0016136411661243682,-0.003948191693684055
2026-03-02 14:00,4.97,4.9654277948184005,4.965330499505647,9.729531275315395e-05,0.0013103719954501254,-0.002426153365393943
2026-03-02 15:00,4.96,4.9645927494617235,4.964935647690414,-0.00034289822869038034,0.0009797179506220242,-0.002645232358624809
2026-03-02 16:00,4.97,4.96542463415992,4.965310784898531,0.00011384926138902074,0.0008065442127754235,-0.0013853899027728056
2026-03-03 10:30,4.99,4.969205459673778,4.967139615646788,0.002065844026989616,0.001058404175618262,0.002014879702742708
2026-03-03 11:30,5.01,4.975481542800889,4.9703144589322115,0.00516708386867748,0.0018801401142301058,0.006573887508894748
2026-03-03 12:00,5.02,4.982330536216137,4.973994869381677,0.008335666834460298,0.003171245458276144,0.010328842752368308
2026-03-03 14:00,5.0,4.985048915259808,4.975921175353404,0.009127739906404031,0.004362544347901722,0.009530391117004619
2026-03-03 15:00,4.98,4.984272159065992,4.976223310512411,0.00804884855358079,0.005099805189037535,0.0058980867290865085
2026-03-03 16:00,4.97,4.982076442286609,4.97576232454853,0.006314117738079439,0.005342667698845917,0.0019429000784670445
2026-03-04 10:30,4.99,4.983295451165592,4.976816967174565,0.00647848399102724,0.005569830957282181,0.001817306067490117
2026-03-04 11:30,4.94,4.976634612524731,4.974089784420894,0.002544828103837382,0.004964830386593222,-0.004840004565511679
2026-03-04 12:00,4.95,4.972536979828619,4.972305355945272,0.0002316238833470763,0.0040181890859439925,-0.0075731304051938324
2026-03-04 14:00,4.97,4.972146675239601,4.972134588838214,1.2086401386390833e-05,0.0032169685490324724,-0.006409764295292163
2026-03-04 15:00,4.95,4.968739494433508,4.970494989665013,-0.0017554952315048666,0.002222475792925005,-0.007955942048859743
2026-03-04 16:00,4.96,4.967394956828353,4.96971758302316,-0.0023226261948066096,0.001313455395378682,-0.007272163180370583
2026-03-05 10:30,5.02,4.9754880403932225,4.973442206502925,0.0020458338902971107,0.0014599310943623678,0.0011718055918694859
2026-03-05 11:30,5.03,4.983874495717343,4.977631672687894,0.006242823029448452,0.002416509481379585,0.0076526270961377344
2026-03-05 12:00,5.03,4.990970727145444,4.981510808044347,0.009459919101097114,0.0038251914053230906,0.011269455391548047
2026-03-05 14:00,5.0,4.992359846046145,4.98288037781884,0.009479468227304721,0.004956046769719417,0.009046842915170609
2026-03-05 15:00,5.01,4.9950737158852,4.9848892387211485,0.010184477164051131,0.00600173284858576,0.008365488630930742
2026-03-05 16:00,4.97,4.991216221133631,4.9837863321492115,0.0074298889844195415,0.006287364075752516,0.00228504981733405
2026-03-06 10:30,5.06,5.001798340959226,4.989431789027047,0.01236655193217917,0.007503201647037848,0.009726700570282645
2026-03-06 11:30,5.09,5.015367826965499,4.996881286136155,0.0184865408293442,0.009699869483499119,0.017573342691690162
2026-03-06 12:00,5.08,5.025311238201576,5.003038227903847,0.0222730102977291,0.012214497646345118,0.020117025302767967
2026-03-06 14:00,5.09,5.035263355401333,5.00947984065171,0.025783514749623038,0.014928301067000702,0.021710427365244672
2026-03-06 15:00,5.11,5.046761300724205,5.0169257783812125,0.02983552234299225,0.017909745322199012,0.023851554041586474
2026-03-06 16:00,5.1,5.054951869843558,5.023079424427048,0.0318724454165098,0.02070228534106117,0.022340320150897257
2026-03-09 10:30,4.98,5.043420812944549,5.019888355950971,0.02353245699357842,0.02126831967156462,0.004528274644027601
2026-03-09 11:30,4.99,5.035202226337695,5.017674403658306,0.017527822679388905,0.02052022027312948,-0.00598479518748115
2026-03-09 12:00,5.0,5.029786499208819,5.016365188572506,0.013421310636313244,0.019100438345766232,-0.011358255418905977
2026-03-09 14:00,5.03,5.029819345484386,5.017375174604172,0.012444170880213434,0.017769184852655672,-0.010650027944884476
2026-03-09 15:00,5.0,5.025231753871403,5.016088124633493,0.009143629237910567,0.01604407372970665,-0.01380088898359217
2026-03-09 16:00,5.03,5.02596533019888,5.0171186339199005,0.008846696278979493,0.01460459823956122,-0.011515803921163453
2026-03-10 10:30,5.03,5.026586048629822,5.018072809185093,0.008513239444728704,0.013386326480594717,-0.009746174071732026
2026-03-10 11:30,5.05,5.030188194994465,5.020437786282494,0.009750408711971303,0.012659142926870034,-0.005817468429797461
2026-03-10 12:00,5.04,5.031697703456855,5.021886839150457,0.009810864306397882,0.012089487202775605,-0.004557245792755446
2026-03-10 14:00,5.04,5.032974979848108,5.0232285547689415,0.009746425079166343,0.011620874778053753,-0.00374889939777482
2026-03-10 15:00,5.06,5.037132675256092,5.0259523655267975,0.01118030972929418,0.01153276176830184,-0.0007049040780153192
2026-03-10 16:00,5.01,5.0329584175243856,5.024770708821109,0.008187708703276897,0.010863751155296851,-0.005352084904039909
2026-03-11 10:30,5.02,5.030964814828327,5.024417322982508,0.006547491845818598,0.0100004992934012,-0.006906014895165204
2026-03-11 11:30,5.03,5.030816381777815,5.024830854613434,0.005985527164381388,0.00919750486759724,-0.006423955406431703
2026-03-11 12:00,5.03,5.030690784581228,5.025213754271698,0.005477030309529951,0.008453409955983782,-0.005952759292907662
2026-03-11 14:00,5.03,5.030584510030271,5.025568290992314,0.005016219037957015,0.0077659717723784286,-0.005499505468842827
2026-03-11 15:00,5.01,5.027417662333306,5.0244150842521424,0.003002578081163776,0.006813293034135498,-0.007621429905943444
2026-03-11 16:00,5.01,5.024738021974336,5.023347300233466,0.0013907217408704042,0.00572877877548248,-0.008676114069224151
2026-03-12 10:30,5.02,5.024009095516746,5.023099352068024,0.0009097434487221889,0.004764971710130422,-0.007710456522816466
2026-03-12 11:30,5.0,5.020315388514169,5.021388288951874,-0.0010729004377045825,0.0035973972805634215,-0.009340595436536009
2026-03-12 12:00,5.0,5.017189944127374,5.019803971251735,-0.0026140271243608737,0.002355112399578563,-0.009938279047878872
2026-03-12 14:00,4.99,5.013006875800085,5.017596269677532,-0.004589393877447279,0.0009662111441733947,-0.011111210043241346
2026-03-12 15:00,4.99,5.009467356446225,5.015552101553271,-0.006084745107045819,-0.00044398010607044807,-0.011281530001950743
2026-03-12 16:00,5.01,5.009549301608344,5.015140834771548,-0.005591533163203266,-0.0014734907174970117,-0.00823608489141251
2026-03-13 10:30,5.04,5.01423402443783,5.0169822544180995,-0.0027482299802699117,-0.001728438570051592,-0.0020395828204366395
2026-03-13 11:30,5.05,5.019736482216625,5.019428013350092,0.0003084688665326851,-0.0013210570827347366,0.0032590518985348435
2026-03-13 12:00,5.05,5.024392408029452,5.021692604953789,0.0026998030756626434,-0.0005168850510552607,0.006433376253435808
2026-03-13 14:00,5.11,5.037562806794152,5.028233893475731,0.009328913318420895,0.0014522746228399705,0.01575327739116185
2026-03-13 15:00,5.09,5.045630067287359,5.032809160625677,0.01282090666168223,0.0037260010306084225,0.018189811262147616
2026-03-13 16:00,5.09,5.052456210781611,5.037045519097849,0.015410691683761968,0.006062939161239131,0.018695505045045673
2026-03-16 10:30,5.11,5.061309101430594,5.042449554720231,0.018859546710363162,0.008622260671063938,0.020474572078598447
2026-03-16 11:30,5.09,5.065723085825887,5.04597180992614,0.0197512758997469,0.010848063716800532,0.017806424365892737
2026-03-16 12:00,5.11,5.072534918775751,5.0507146388205,0.021820279955250932,0.013042506964490613,0.017555545981520638
2026-03-16 14:00,5.1,5.0767603158871735,5.054365406315277,0.02239490957189627,0.014912987485971746,0.01496384417184905
2026-03-16 15:00,5.1,5.080335651904531,5.057745746588219,0.022589905316311665,0.01644837105203973,0.01228306852854387
2026-03-16 16:00,5.1,5.083360936226911,5.060875691285388,0.02248524494152271,0.017655745829936325,0.009658998223172767
2026-03-17 10:30,5.15,5.093613099884309,5.067477491930915,0.026135607953394313,0.019351718254627923,0.01356777939753278
2026-03-17 11:30,5.16,5.103826469132877,5.074331011047144,0.029495458085733617,0.021380466220849062,0.01622998372976911
2026-03-17 12:00,5.15,5.11093008926628,5.079936121339948,0.030993967926332466,0.023303166561945744,0.015381602728773446
2026-03-17 14:00,5.16,5.118479306302238,5.08586677901847,0.03261252728376718,0.025165038706310032,0.014894977154914293
2026-03-17 15:00,5.16,5.124867105332663,5.091358128720806,0.03350897661185659,0.026833826287419343,0.013350300648874491
2026-03-17 16:00,5.14,5.127195242973791,5.094961230297043,0.032234012676747525,0.027913863565284983,0.008640298222925086
2026-03-18 10:30,5.13,5.127626744054746,5.097556694719485,0.030070049335261473,0.028345100719280283,0.0034498972319623802
2026-03-18 11:30,5.11,5.124914937277093,5.0984784210365595,0.026436516240533336,0.027963383823530894,-0.0030537351659951154
2026-03-18 12:00,5.1,5.121081870003693,5.098591130589407,0.022490739414286587,0.026868854941682035,-0.008756231054790897
2026-03-18 14:00,5.14,5.123992351541586,5.101658454249451,0.02233389729213542,0.025961863411772715,-0.007255932239274593
2026-03-18 15:00,5.13,5.124916605150573,5.103757828008751,0.021158777141821794,0.02500124615778253,-0.007684938031921475
2026-03-18 16:00,5.13,5.125698665896639,5.105701692600696,0.0199969732959433,0.024000391585414685,-0.008006836578942772
2026-03-19 10:30,5.14,5.12789887114331,5.108242307963607,0.019656563179702324,0.023131625904272216,-0.006950125449139782
2026-03-19 11:30,5.12,5.126683660198185,5.1091132481144514,0.017570412083733444,0.02201938314016446,-0.008897942112862031
2026-03-19 12:00,5.12,5.12565540478308,5.109919674180048,0.015735730603031683,0.020762652632737907,-0.010053844059412446
2026-03-19 14:00,5.12,5.12478534250876,5.110666364981527,0.014118977527233234,0.019433917611636972,-0.010629880168807476
2026-03-19 15:00,5.11,5.122510674430489,5.110617004612525,0.011893669817964359,0.01792586805290245,-0.012064396469876185
2026-03-19 16:00,5.14,5.125201339902722,5.112793522789375,0.012407817113346375,0.01682225786499124,-0.008828881503289726
2026-03-20 10:30,5.0,5.105939595302303,5.104438447027199,0.0015011482751035032,0.013758035947013691,-0.024513775343820376
2026-03-20 11:30,5.04,5.095795042178871,5.099665228728888,-0.0038701865500172516,0.010232391447607504,-0.02820515599524951
2026-03-20 12:00,5.04,5.087211189535967,5.095245582156378,-0.00803439262041028,0.0065790346340039475,-0.029226854508828455
2026-03-20 14:00,5.07,5.084563314222741,5.0933755390336835,-0.008812224810942126,0.003500782745014733,-0.02462601511191372
2026-03-20 15:00,5.04,5.077707419726934,5.089421795401559,-0.0117143756746243,0.0004577510610869265,-0.024344253471422453
2026-03-20 16:00,5.07,5.076521662845868,5.087983143890332,-0.011461481044464428,-0.0019260953600233445,-0.019070771368882168
2026-03-23 10:30,5.0,5.064749099331118,5.08146587397253,-0.016716774641411192,-0.004884231216300914,-0.023665086850220556
2026-03-23 11:30,4.97,5.050172314818639,5.073209142567157,-0.023036827748518007,-0.008514750522744332,-0.02904415445154735
2026-03-23 12:00,4.95,5.034761189461925,5.064082539414033,-0.029321349952108555,-0.012676070408617178,-0.03329055908698275
2026-03-23 14:00,4.96,5.023259468006244,5.056372721679661,-0.033113253673416665,-0.016763507061577077,-0.032699493223679175
2026-03-23 15:00,4.95,5.011988780620668,5.0484932608145,-0.03650448019383212,-0.02071170168802809,-0.03158555701160807
2026-03-23 16:00,4.97,5.005528968217488,5.042678945198611,-0.03714997698112299,-0.02399935674664707,-0.02630124046895184
2026-03-24 10:30,4.92,4.992370665414798,5.0335916159246405,-0.041220950509842424,-0.02744367549928614,-0.027554550021112567
2026-03-24 11:30,4.92,4.981236716889445,5.025177422152445,-0.04394070526300009,-0.030743081452028934,-0.026395247621942314
2026-03-24 12:00,4.91,4.970277221983376,5.0166457612522635,-0.04636853926888751,-0.033868173015400654,-0.02500073250697371
2026-03-24 14:00,4.9,4.959465341678241,5.008005334492837,-0.048539992814595756,-0.03680253697523968,-0.023474911678712157
2026-03-24 15:00,4.9,4.9503168275738965,5.000004939345219,-0.049688111771322596,-0.039379651934456264,-0.020616919673732664
2026-03-24 16:00,4.89,4.94103731563945,4.991856425319647,-0.050819109680197094,-0.041667543483604436,-0.018303132393185317
2026-03-25 10:30,4.93,4.939339267079534,4.987274467888562,-0.04793520080902791,-0.04292107494868913,-0.010028251720677561
2026-03-25 11:30,4.93,4.9379024567596055,4.983031914711631,-0.04512945795202583,-0.04336275154935647,-0.003533412805338726
2026-03-25 12:00,4.92,4.935148232642743,4.978362883992252,-0.043214651349508415,-0.04333313150938686,0.0002369603197568959
2026-03-25 14:00,4.9,4.929740812236167,4.9725582259187515,-0.042817413682584515,-0.043229987944026396,0.0008251485228837618
2026-03-25 15:00,4.88,4.922088379584449,4.9657020610358815,-0.04361368145143274,-0.043306726645507665,-0.0006139096118501497
2026-03-25 16:00,4.91,4.9202286288791495,4.961575982440631,-0.04134735356148145,-0.042914852028702426,0.0031349969344419554
2026-03-26 10:30,4.9,4.917116532128511,4.95701479855614,-0.03989826642762928,-0.0423115349084878,0.004826536961717032
2026-03-26 11:30,4.9,4.914483219493356,4.952791480144574,-0.03830826065121862,-0.04151088005703396,0.006405238811630687
2026-03-26 12:00,4.89,4.910716570340531,4.948140259393124,-0.03742368905259319,-0.040693441856145804,0.006539505607105228
2026-03-26 14:00,4.9,4.909067867211219,4.944574314252893,-0.035506447041674605,-0.03965604289325157,0.008299191703153935
2026-03-26 15:00,4.9,4.907672810717185,4.941272513197124,-0.03359970247993882,-0.03844477481058903,0.009690144661300415
2026-03-26 16:00,4.88,4.903415455222233,4.936733808515855,-0.033318353293622316,-0.03741949050719569,0.008202274427146744
2026-03-27 10:30,4.87,4.898274615957274,4.9317905634406065,-0.0335159474833322,-0.03663878190242299,0.0062456688381815895
2026-03-27 11:30,4.86,4.892386213502309,4.926472743926488,-0.03408653042417864,-0.036128331606774124,0.004083602365190966
2026-03-27 12:00,4.87,4.888942180655801,4.922289577709711,-0.033347397053910655,-0.03557214469620143,0.0044494952845815505
2026-03-27 14:00,4.87,4.886027999016447,4.91841627565714,-0.03238827664069355,-0.03493537108509985,0.005094188888812606
2026-03-27 15:00,4.87,4.883562153013917,4.914829884867722,-0.031267731853805714,-0.034201843238841026,0.005868222770070625
2026-03-27 16:00,4.86,4.8799372063963915,4.9107684119145585,-0.030831205518166982,-0.03352771569470622,0.0053930203530784815
2026-03-30 10:30,4.77,4.863023790027716,4.90034112214311,-0.037317332115393675,-0.034285638978843715,-0.006063386273099922
2026-03-30 11:30,4.8,4.853327822331145,4.892908446428805,-0.03958062409766061,-0.035344636002607094,-0.008471976190107033
2026-03-30 12:00,4.77,4.840508157357123,4.8838041170637085,-0.04329595970658584,-0.036934900743402846,-0.012722117926365989
2026-03-30 14:00,4.78,4.831199210071411,4.876114923207138,-0.04491571313572695,-0.03853106322186767,-0.012769299827718572
2026-03-30 15:00,4.79,4.824860870060424,4.869736040006609,-0.044875169946185345,-0.039799884566731204,-0.010150570758908281
2026-03-30 16:00,4.78,4.817959197743435,4.863088925932045,-0.04512972818861005,-0.04086585329110698,-0.008527749795006145
2026-03-31 10:30,4.78,4.812119321167522,4.856934190677819,-0.04481486951029723,-0.04165565653494503,-0.006318425950704393
2026-03-31 11:30,4.77,4.805639425603287,4.850494620997981,-0.04485519539469429,-0.04229556430689489,-0.005119262175598799
2026-03-31 12:00,4.76,4.798617975510473,4.843791315738871,-0.045173340228397585,-0.04287111949119543,-0.004604441474404308
2026-03-31 14:00,4.79,4.797292133124246,4.839806773832288,-0.042514640708041895,-0.04279982373456472,0.0005703660530456539
2026-03-31 15:00,4.8,4.7977087280282085,4.836858123918785,-0.03914939589057642,-0.04206973816576706,0.005840684550381281
2026-03-31 16:00,4.83,4.802676616023868,4.8363501147396155,-0.03367349871574721,-0.040390490275763094,0.013433983120031773
2026-04-01 10:30,4.9,4.8176494443278886,4.8410649210551995,-0.023415476727310924,-0.03699548756607266,0.027160021677523474
2026-04-01 11:30,4.89,4.828780299046675,4.844689741717777,-0.01590944267110217,-0.03277827858707857,0.033737671831952795
2026-04-01 12:00,4.89,4.838198714577955,4.84804605714609,-0.009847342568134465,-0.02819209138328975,0.03668949763031057
2026-04-01 14:00,4.9,4.847706604642885,4.851894497357491,-0.004187892714606178,-0.023391251649553035,0.03840671786989371
2026-04-01 15:00,4.89,4.854213280851671,4.8547171271828615,-0.0005038463311901609,-0.01881377058588046,0.0366198485093806
2026-04-01 16:00,4.88,4.858180468412952,4.856589932576724,0.0015905358362280353,-0.01473290930145876,0.03264689027537359
2026-04-02 10:30,4.88,4.861537319426343,4.858324011645115,0.003213307781228636,-0.01114366588492128,0.028713947332299834
2026-04-02 11:30,4.88,4.86437773182229,4.859929640412144,0.004448091410146127,-0.0080253144259078,0.024946811672107855
2026-04-02 12:00,4.87,4.865242696157322,4.860675592974207,0.004567103183115151,-0.005506830904103211,0.02014786817443672
2026-04-02 14:00,4.88,4.867513050594657,4.862107030531673,0.005406020062983963,-0.003324260710685776,0.01746056154733948
2026-04-02 15:00,4.89,4.870972581272402,4.864173176418216,0.006799404854185731,-0.001299527597711475,0.016197864903794414
2026-04-02 16:00,4.88,4.872361414922801,4.86534553372057,0.00701588120223029,0.000363554162276878,0.013304654079906823
2026-04-08 10:30,4.95,4.884305812626985,4.871616234926454,0.012689577700530918,0.002828758869927686,0.019721637661206465
2026-04-08 11:30,4.95,4.8944126106843715,4.8774224397467165,0.01699017093765498,0.005661041283473145,0.02265825930836367
2026-04-08 12:00,4.93,4.899887593656006,4.881317073839552,0.018570519816453412,0.008242936990069198,0.02065516565276843
2026-04-08 14:00,4.94,4.906058733093543,4.885663957258845,0.020394775834698287,0.010673304758995018,0.019442942151406538
2026-04-08 15:00,4.93,4.909742004925305,4.888948108573004,0.02079389635230111,0.012697423077656238,0.016192946549289745
2026-04-08 16:00,4.92,4.91132015801372,4.891248248678708,0.02007190933501235,0.01417232032912746,0.01179917801176978
2026-04-09 10:30,4.94,4.915732441396225,4.894859489517322,0.02087295187890259,0.015512446639082487,0.010721010479640206
2026-04-09 11:30,4.95,4.921004373489113,4.898943971775298,0.022060401713815736,0.016822037654029138,0.010476728119573196
2026-04-09 12:00,4.95,4.925465239106173,4.902725899791942,0.022739339314231444,0.0180054979860696,0.009467682656323688
2026-04-09 14:00,4.98,4.933855202320609,4.908449907214761,0.025405295105847436,0.019485457410025168,0.011839675391644537
2026-04-09 15:00,4.97,4.939415940425131,4.913009173347001,0.02640676707812961,0.020869719343646058,0.011074095468967107
2026-04-09 16:00,4.96,4.9425827188212645,4.916489975321298,0.02609274349996671,0.02191432417491019,0.008356838650113038
2026-04-10 10:30,4.99,4.949877685156454,4.9219351623345355,0.02794252282191856,0.023119963904311862,0.009645117835213393
2026-04-10 11:30,4.99,4.956050348978538,4.926977002161608,0.02907334681693019,0.024310640486835528,0.009525412660189324
2026-04-10 12:00,4.98,4.959734910674148,4.930904631631118,0.028830279043029705,0.025214568198074366,0.007231421689910679
2026-04-10 14:00,5.0,4.965929539801202,4.93602280706585,0.029906732735351937,0.026153001105529882,0.007507463259644111
2026-04-10 15:00,5.0,4.971171149062555,4.940761858394305,0.030409290668250044,0.027004259018073917,0.006810063300352255
2026-04-10 16:00,4.99,4.974067895360624,4.944409128142875,0.029658767217748405,0.027535160658008817,0.004247213119479176
2026-04-13 10:30,4.98,4.974980526843605,4.947045489021181,0.02793503782242368,0.027615136090891793,0.0006398034630637761
2026-04-13 11:30,4.98,4.97575275348305,4.949486563908501,0.026266189574549514,0.027345346787623338,-0.0021583144261476464
2026-04-13 12:00,4.98,4.97640617602412,4.951746818433797,0.02465935759032245,0.026808148948163163,-0.004297582715681425
2026-04-13 14:00,4.99,4.97849753355887,4.9545803874387015,0.023917146120168375,0.02622994838256421,-0.004625604524791667
2026-04-13 15:00,5.0,4.981805605319043,4.957944803183983,0.023860802135060588,0.025756119133063485,-0.0037906339960057933
2026-04-13 16:00,5.01,4.9861432045007295,4.961800743688873,0.024342460811856093,0.02547338746882201,-0.002261853313931833
2026-04-14 10:30,5.01,4.989813480731386,4.965371058971179,0.024442421760206834,0.025267194327098976,-0.0016495451337842845
2026-04-14 11:30,4.99,4.989842176003481,4.967195424973315,0.022646751030166,0.02474310566771238,-0.004192709275092757
2026-04-14 12:00,4.99,4.989866456618329,4.9688846527530695,0.020981803865259607,0.023990845307221825,-0.006018082883924435
2026-04-14 14:00,4.96,4.9852716171385865,4.968226530326916,0.017045086811670274,0.022601693608111515,-0.011113213592882483
2026-04-14 15:00,4.96,4.981383676040342,4.967617157710108,0.013766518330234234,0.02083465855253606,-0.014136280444603654
2026-04-14 16:00,4.99,4.982709264341827,4.969275146027878,0.013434118313949028,0.019354550504818657,-0.011840864381739258
2026-04-15 10:30,4.97,4.980753992904623,4.969328838914702,0.011425153989921277,0.017768671201839184,-0.012687034423835813
2026-04-15 11:30,4.95,4.976022609380835,4.967897073069168,0.008125536311666792,0.015840044223804705,-0.015429015824275825
2026-04-15 12:00,4.93,4.968942207937629,4.965089882471452,0.0038523254661768647,0.013442500472279137,-0.019180350012204545
2026-04-15 14:00,4.9,4.958335714408763,4.960268409695789,-0.0019326952870262204,0.010367461320418067,-0.024600313214888574
2026-04-15 15:00,4.88,4.946284066038184,4.954322601570175,-0.008038535531991187,0.006686261949936217,-0.029449594963854808
2026-04-15 16:00,4.9,4.939163440493848,4.95029870515757,-0.0111352646637215,0.0031219566272046744,-0.02851444258185235
2026-04-16 10:30,4.87,4.928522911187103,4.944350652923675,-0.01582774173657242,-0.0006679830455507446,-0.030319517382043353
2026-04-16 11:30,4.92,4.927211694081395,4.9425469008552545,-0.015335206773859689,-0.003601427791212534,-0.02346755796529431
2026-04-16 12:00,4.92,4.926102202684257,4.940876760051162,-0.014774557366904695,-0.005836053706350966,-0.017877007321107457
2026-04-16 14:00,4.93,4.926701863809756,4.9400710741214455,-0.013369210311689805,-0.007342685027418735,-0.012053050568542141
2026-04-16 15:00,4.89,4.921055423223639,4.936362105668005,-0.015306682444365727,-0.008935484510808132,-0.012742395867115189
2026-04-16 16:00,4.89,4.916277665804618,4.932927875618523,-0.016650209813905192,-0.010478429571427545,-0.012343560484955295
2026-04-17 10:30,4.89,4.912234947988522,4.929748032980114,-0.017513084991591654,-0.011885360655460368,-0.011255448672262573
2026-04-17 11:30,4.89,4.9088141867595185,4.9268037342408455,-0.017989547481326973,-0.01310619802063369,-0.009766698921386565
2026-04-17 12:00,4.89,4.905919696488823,4.924077531704486,-0.018157835215663276,-0.014116525459639609,-0.008082619512047334
2026-04-17 14:00,4.9,4.905008973952081,4.922294010837487,-0.017285036885406058,-0.014750227744792899,-0.005069618281226318
2026-04-17 15:00,4.91,4.9057768241133,4.921383343368044,-0.0156065192547441,-0.014921486046783141,-0.001370066415921918
2026-04-17 16:00,4.9,4.904888081942023,4.919799392007448,-0.014911310065425454,-0.014919450850511605,1.6281570172301668e-05
2026-04-20 10:30,4.89,4.902597607797095,4.917592029636526,-0.014994421839430672,-0.014934445048295419,-0.00011995358227050515
2026-04-20 11:30,4.9,4.902197975828312,4.916288916330117,-0.014090940501805704,-0.014765744138997476,0.0013496072743835429
2026-04-20 12:00,4.91,4.903398287239341,4.915823070676034,-0.01242478343669351,-0.014297551998536683,0.003745537123686346
2026-04-20 14:00,4.91,4.904413935356366,4.915391732107439,-0.010977796751073576,-0.013633600949044061,0.00531160839594097
2026-04-20 15:00,4.93,4.908350252993848,4.916473826025406,-0.008123573031558529,-0.012531595365546957,0.008816044667976856
2026-04-20 16:00,4.95,4.91475790637941,4.91895724631982,-0.004199339940410773,-0.010865144280519722,0.013331608680217898
2026-04-21 10:30,5.01,4.929410536167193,4.925701153999834,0.0037093821673588323,-0.007950238990944013,0.02331924231660569
2026-04-21 11:30,5.04,4.946424299833779,4.9341677351850315,0.012256564648747137,-0.003908878263005783,0.03233088582350584
2026-04-21 12:00,5.05,4.962359022936274,4.942747902949104,0.01961111998717069,0.0007951213870295111,0.037631997200282354
2026-04-21 14:00,5.03,4.972765327099925,4.9492110212491705,0.023554305850754353,0.00534695827977448,0.036414695141959746
2026-04-21 15:00,5.05,4.984647584469167,4.9566768715270095,0.027970712942157583,0.009871709212251101,0.03619800745981296
2026-04-21 16:00,5.05,4.994701802243141,4.963589695858342,0.031112106384799,0.014119788646760681,0.033984635476076636
2026-04-22 10:30,5.06,5.004747678821119,4.970731199868835,0.034016478952284324,0.01809912670786541,0.03183470448883783
2026-04-22 11:30,5.07,5.014786497464025,4.978084444322995,0.03670205314102937,0.0218197119944982,0.029764682293062332
2026-04-22 12:00,5.05,5.020203959392636,4.983411522521292,0.0367924368713437,0.024814256969867304,0.023956359802952798
2026-04-22 14:00,5.04,5.023249504101461,4.987603261593789,0.035646242507671566,0.02698065407742816,0.01733117686048681
2026-04-22 15:00,5.05,5.027364965008928,4.992225242216472,0.03513972279245614,0.028612467820433758,0.013054509944044765
2026-04-22 16:00,5.03,5.027770355007555,4.99502337242266,0.03274698258489561,0.029439370773326128,0.0066152236231389674
2026-04-23 10:30,5.06,5.032728761929469,4.999836455946907,0.03289230598256232,0.03012995781517337,0.005524696334777902
2026-04-23 11:30,5.1,5.043078183171089,5.007255977728617,0.03582220544247239,0.03126840734063317,0.00910759620367843
2026-04-23 12:00,5.12,5.054912308837076,5.0156073867857565,0.0393049220513193,0.0328757102827704,0.012858423537097805
2026-04-23 14:00,5.11,5.0633873382467565,5.0225994322090335,0.040787906037722976,0.034458149433760916,0.01265951320792412
2026-04-23 15:00,5.12,5.072096978516487,5.029814289082439,0.04228268943404778,0.03602305743381829,0.012519264000458982
2026-04-23 16:00,5.11,5.077928212590873,5.035753971372628,0.042174241218244646,0.03725329419070356,0.009841894055082165
2026-04-24 10:30,4.95,5.058246949115354,5.029401825345026,0.028845123770327774,0.035571660106628405,-0.013453072672601263
2026-04-24 11:30,4.96,5.043132033866838,5.024260949393542,0.018871084473295774,0.03223154497996188,-0.02672092101333222
2026-04-24 12:00,5.0,5.036496336348863,5.0224638420310574,0.014032494317805622,0.02859173484753063,-0.029118481059450016
2026-04-24 14:00,5.01,5.032419976910576,5.021540594473201,0.010879382437375185,0.025049264365499542,-0.028339763856248715
2026-04-24 15:00,5.01,5.028970749693564,5.020685735623335,0.008285014070229302,0.021696414306445495,-0.026822800472432386
2026-04-24 16:00,5.01,5.026052172817631,5.019894199651237,0.006157973166394548,0.018588726078435307,-0.024861505824081517
